# Rocha-Lima et al. (2018) ACP 18, 1023-1043, Fig. 10.
# Imaginary refractive index of Saharan dust, digitised from
# the published figure -- the paper tabulates no k anywhere,
# and its data are available only on request from the author.
# Real part is an ASSUMED constant 1.56 in that paper, not a
# retrieval. Accuracy about +/-0.0005 in k; validated against
# the four values the text states. Regenerate with --digitize.
panel,series,wavelength_nm,k
algeria,fine_mie,590.2,0.001451
algeria,fine_mie,594.9,0.001375
algeria,fine_mie,599.5,0.001375
algeria,fine_mie,604.2,0.001375
algeria,fine_mie,608.8,0.001375
algeria,fine_mie,613.5,0.001298
algeria,fine_mie,618.2,0.001298
algeria,fine_mie,622.8,0.001298
algeria,fine_mie,627.5,0.001298
algeria,fine_mie,632.1,0.001298
algeria,fine_mie,636.8,0.001356
algeria,fine_mie,641.5,0.001451
algeria,fine_mie,664.8,0.001107
algeria,fine_mie,669.4,0.001107
algeria,fine_mie,674.1,0.001107
algeria,fine_mie,678.7,0.001107
algeria,fine_mie,683.4,0.001107
algeria,fine_mie,758.0,0.00168
algeria,fine_mie,762.6,0.00168
algeria,fine_mie,767.3,0.001585
algeria,fine_mie,790.6,0.001184
algeria,fine_mie,795.2,0.001107
algeria,fine_mie,799.9,0.001107
algeria,fine_mie,804.6,0.001107
algeria,fine_mie,809.2,0.001107
algeria,fine_mie,813.9,0.001107
algeria,fine_mie,818.5,0.001184
algeria,fine_mie,823.2,0.001298
algeria,fine_mie,827.9,0.001298
algeria,fine_mie,832.5,0.001298
algeria,fine_mie,837.2,0.001298
algeria,fine_mie,841.8,0.001298
algeria,fine_mie,846.5,0.001298
algeria,fine_mie,851.2,0.001337
algeria,fine_mie,855.8,0.001337
algeria,fine_mie,860.5,0.001337
algeria,fine_mie,865.1,0.001317
algeria,fine_mie,869.8,0.001317
algeria,fine_mie,874.5,0.001337
algeria,fine_mie,879.1,0.001337
algeria,fine_mie,883.8,0.001337
algeria,fine_mie,888.4,0.001317
algeria,fine_mie,893.1,0.001337
algeria,fine_mie,897.8,0.001394
algeria,fine_mie,902.4,0.001337
algeria,fine_mie,907.1,0.001337
algeria,fine_mie,911.7,0.001337
algeria,fine_mie,916.4,0.001451
algeria,fine_mie,921.1,0.00147
algeria,fine_mie,925.7,0.00147
algeria,fine_mie,930.4,0.00147
algeria,fine_mie,935.0,0.00147
algeria,fine_mie,939.7,0.001432
algeria,fine_mie,944.4,0.001413
algeria,fine_mie,949.0,0.001604
algeria,fine_mie,953.7,0.001527
algeria,fine_mie,958.3,0.001527
algeria,fine_mie,963.0,0.001642
algeria,fine_mie,967.7,0.00168
algeria,fine_mie,972.3,0.00168
algeria,fine_mie,977.0,0.001833
algeria,fine_mie,981.7,0.001833
algeria,fine_mie,986.3,0.001833
algeria,fine_mie,991.0,0.001833
algeria,fine_mie,995.6,0.001833
algeria,fine_mie,1000.3,0.001833
algeria,fine_mie,1009.6,0.001833
algeria,fine_mie,1014.3,0.001852
algeria,fine_mie,1018.9,0.001947
algeria,fine_mie,1023.6,0.001871
algeria,fine_mie,1028.3,0.001871
algeria,fine_mie,1032.9,0.001871
algeria,fine_mie,1037.6,0.001852
algeria,fine_mie,1042.2,0.001833
algeria,fine_mie,1046.9,0.001833
algeria,fine_mie,1051.6,0.001795
algeria,fine_mie,1056.2,0.001776
algeria,fine_mie,1060.9,0.001795
algeria,fine_mie,1065.5,0.001776
algeria,fine_mie,1070.2,0.001795
algeria,fine_mie,1074.9,0.001871
algeria,fine_mie,1079.5,0.001871
algeria,fine_mie,1084.2,0.001871
algeria,fine_mie,1088.8,0.002024
algeria,fine_mie,1093.5,0.002024
algeria,fine_mie,1098.2,0.002043
algeria,fine_mie,1102.8,0.002043
algeria,fine_mie,1107.5,0.002043
algeria,fine_mie,1112.1,0.002768
algeria,fine_mie,1116.8,0.002959
algeria,fine_mie,1121.5,0.002998
algeria,fine_mie,1126.1,0.003017
algeria,fine_mie,1130.8,0.003017
algeria,fine_mie,1135.4,0.003017
algeria,fine_mie,1140.1,0.002959
algeria,fine_mie,1144.8,0.00294
algeria,fine_mie,1149.4,0.002578
algeria,fine_mie,1154.1,0.002711
algeria,fine_mie,1158.7,0.003036
algeria,fine_mie,1163.4,0.003246
algeria,fine_mie,1168.1,0.003246
algeria,fine_mie,1172.7,0.003265
algeria,fine_mie,1177.4,0.003284
algeria,fine_mie,1182.0,0.003284
algeria,fine_mie,1186.7,0.003265
algeria,fine_mie,1191.4,0.003246
algeria,fine_mie,1196.0,0.003227
algeria,fine_mie,1200.7,0.002597
algeria,fine_mie,1205.3,0.002597
algeria,fine_mie,1210.0,0.002864
algeria,fine_mie,1214.7,0.003437
algeria,fine_mie,1219.3,0.003628
algeria,fine_mie,1224.0,0.003628
algeria,fine_mie,1228.6,0.003628
algeria,fine_mie,1233.3,0.003628
algeria,fine_mie,1238.0,0.003589
algeria,fine_mie,1242.6,0.003532
algeria,fine_mie,1247.3,0.003475
algeria,fine_mie,1251.9,0.002979
algeria,fine_mie,1256.6,0.002979
algeria,fine_mie,1261.3,0.003513
algeria,fine_mie,1265.9,0.003513
algeria,fine_mie,1270.6,0.003513
algeria,fine_mie,1275.2,0.003532
algeria,fine_mie,1279.9,0.003513
algeria,fine_mie,1284.6,0.003513
algeria,fine_mie,1289.2,0.003399
algeria,fine_mie,1293.9,0.003341
algeria,fine_mie,1298.5,0.003169
algeria,fine_mie,1303.2,0.003169
algeria,fine_mie,1307.9,0.003303
algeria,fine_mie,1312.5,0.003399
algeria,fine_mie,1317.2,0.003456
algeria,fine_mie,1321.8,0.00357
algeria,fine_mie,1326.5,0.003609
algeria,fine_mie,1331.2,0.003609
algeria,fine_mie,1335.8,0.003609
algeria,fine_mie,1340.5,0.003589
algeria,fine_mie,1345.1,0.003589
algeria,fine_mie,1349.8,0.003036
algeria,fine_mie,1354.5,0.002998
algeria,fine_mie,1363.8,0.003189
algeria,fine_mie,1368.4,0.003723
algeria,fine_mie,1373.1,0.00401
algeria,fine_mie,1377.8,0.004029
algeria,fine_mie,1382.4,0.004029
algeria,fine_mie,1387.1,0.00401
algeria,fine_mie,1391.7,0.00399
algeria,fine_mie,1396.4,0.00399
algeria,fine_mie,1401.1,0.003399
algeria,fine_mie,1405.7,0.003399
algeria,fine_mie,1410.4,0.003895
algeria,fine_mie,1415.0,0.003914
algeria,fine_mie,1419.7,0.003914
algeria,fine_mie,1424.4,0.003914
algeria,fine_mie,1429.0,0.003933
algeria,fine_mie,1433.7,0.003933
algeria,fine_mie,1438.3,0.003876
algeria,fine_mie,1443.0,0.003819
algeria,fine_mie,1447.7,0.0038
algeria,fine_mie,1452.3,0.003704
algeria,fine_mie,1457.0,0.003704
algeria,fine_mie,1461.7,0.003723
algeria,fine_mie,1466.3,0.003742
algeria,fine_mie,1471.0,0.003742
algeria,fine_mie,1475.6,0.003742
algeria,fine_mie,1480.3,0.003761
algeria,fine_mie,1485.0,0.0038
algeria,fine_mie,1489.6,0.0038
algeria,fine_mie,1494.3,0.0038
algeria,fine_mie,1498.9,0.003838
algeria,fine_mie,1503.6,0.003838
algeria,fine_mie,1508.3,0.003838
algeria,fine_mie,1512.9,0.004029
algeria,fine_mie,1517.6,0.004067
algeria,fine_mie,1522.2,0.004105
algeria,fine_mie,1526.9,0.004181
algeria,fine_mie,1531.6,0.004181
algeria,fine_mie,1536.2,0.004181
algeria,fine_mie,1540.9,0.004162
algeria,fine_mie,1545.5,0.004162
algeria,fine_mie,1550.2,0.00443
algeria,fine_mie,1554.9,0.004105
algeria,fine_mie,1559.5,0.00443
algeria,fine_mie,1564.2,0.00443
algeria,fine_mie,1568.8,0.004449
algeria,fine_mie,1573.5,0.004487
algeria,fine_mie,1578.2,0.004506
algeria,fine_mie,1582.8,0.004506
algeria,fine_mie,1587.5,0.004506
algeria,fine_mie,1592.1,0.004487
algeria,fine_mie,1596.8,0.004506
algeria,fine_mie,1601.5,0.004296
algeria,fine_mie,1606.1,0.003971
algeria,fine_mie,1610.8,0.004601
algeria,fine_mie,1615.4,0.004601
algeria,fine_mie,1620.1,0.004582
algeria,fine_mie,1624.8,0.004621
algeria,fine_mie,1629.4,0.004621
algeria,fine_mie,1634.1,0.004621
algeria,fine_mie,1638.7,0.004621
algeria,fine_mie,1643.4,0.004601
algeria,fine_mie,1648.1,0.004601
algeria,fine_mie,1652.7,0.004563
algeria,fine_mie,1657.4,0.004563
algeria,fine_mie,1662.0,0.004582
algeria,fine_mie,1666.7,0.004582
algeria,fine_mie,1671.4,0.004582
algeria,fine_mie,1676.0,0.004601
algeria,fine_mie,1680.7,0.004621
algeria,fine_mie,1685.3,0.00464
algeria,fine_mie,1690.0,0.004621
algeria,fine_mie,1694.7,0.004621
algeria,fine_mie,1699.3,0.004621
algeria,fine_mie,1704.0,0.004601
algeria,fine_mie,1708.6,0.004601
algeria,fine_mie,1713.3,0.004697
algeria,fine_mie,1718.0,0.004716
algeria,fine_mie,1722.6,0.00485
algeria,fine_mie,1727.3,0.004869
algeria,fine_mie,1731.9,0.004869
algeria,fine_mie,1736.6,0.004926
algeria,fine_mie,1741.3,0.004945
algeria,fine_mie,1745.9,0.004945
algeria,fine_mie,1750.6,0.004258
algeria,fine_mie,1755.2,0.004258
algeria,fine_mie,1759.9,0.005136
algeria,fine_mie,1764.6,0.005155
algeria,fine_mie,1769.2,0.005155
algeria,fine_mie,1773.9,0.005155
algeria,fine_mie,1778.5,0.005174
algeria,fine_mie,1783.2,0.005174
algeria,fine_mie,1787.9,0.005174
algeria,fine_mie,1792.5,0.005193
algeria,fine_mie,1797.2,0.005232
algeria,fine_mie,1811.2,0.005575
algeria,fine_mie,1815.8,0.005575
algeria,fine_mie,1820.5,0.005575
algeria,fine_mie,1825.1,0.005575
algeria,fine_mie,1829.8,0.005575
algeria,fine_mie,1834.5,0.005575
algeria,fine_mie,1839.1,0.005556
algeria,fine_mie,1843.8,0.005556
algeria,fine_mie,1848.4,0.005556
algeria,fine_mie,1862.4,0.005251
algeria,fine_mie,1867.1,0.005232
algeria,fine_mie,1871.7,0.005232
algeria,fine_mie,1876.4,0.005232
algeria,fine_mie,1881.1,0.005232
algeria,fine_mie,1885.7,0.005251
algeria,fine_mie,1890.4,0.005232
algeria,fine_mie,1895.0,0.005232
algeria,fine_mie,1899.7,0.004411
algeria,fine_mie,1904.4,0.004411
algeria,fine_mie,1909.0,0.004411
algeria,fine_mie,1913.7,0.005327
algeria,fine_mie,1918.3,0.005384
algeria,fine_mie,1923.0,0.005384
algeria,fine_mie,1927.7,0.005403
algeria,fine_mie,1932.3,0.005403
algeria,fine_mie,1937.0,0.005403
algeria,fine_mie,1941.7,0.005384
algeria,fine_mie,1946.3,0.005384
algeria,fine_mie,1955.6,0.004621
algeria,fine_mie,1960.3,0.005671
algeria,fine_mie,1965.0,0.00569
algeria,fine_mie,1969.6,0.005709
algeria,fine_mie,1974.3,0.005747
algeria,fine_mie,1978.9,0.005747
algeria,fine_mie,1983.6,0.005747
algeria,fine_mie,1988.3,0.005728
algeria,fine_mie,1992.9,0.005747
algeria,fine_mie,1997.6,0.005747
algeria,fine_mie,2002.2,0.004735
algeria,fine_mie,2006.9,0.004716
algeria,fine_mie,2011.6,0.005766
algeria,fine_mie,2016.2,0.005728
algeria,fine_mie,2020.9,0.005709
algeria,fine_mie,2025.5,0.005709
algeria,fine_mie,2030.2,0.005709
algeria,fine_mie,2034.9,0.005709
algeria,fine_mie,2039.5,0.005709
algeria,fine_mie,2044.2,0.00569
algeria,fine_mie,2048.8,0.00569
algeria,fine_mie,2062.8,0.005632
algeria,fine_mie,2067.5,0.005613
algeria,fine_mie,2072.1,0.005613
algeria,fine_mie,2076.8,0.005613
algeria,fine_mie,2081.5,0.005613
algeria,fine_mie,2086.1,0.005613
algeria,fine_mie,2090.8,0.005594
algeria,fine_mie,2095.4,0.005575
algeria,fine_mie,2100.1,0.004773
algeria,fine_mie,2104.8,0.004773
algeria,fine_mie,2109.4,0.004964
algeria,fine_mie,2114.1,0.004964
algeria,fine_mie,2118.7,0.005442
algeria,fine_mie,2123.4,0.005442
algeria,fine_mie,2128.1,0.005881
algeria,fine_mie,2132.7,0.005881
algeria,fine_mie,2137.4,0.005499
algeria,fine_mie,2142.0,0.005155
algeria,fine_mie,2146.7,0.005136
algeria,fine_mie,2156.0,0.005842
algeria,fine_mie,2160.7,0.005842
algeria,fine_mie,2165.3,0.005862
algeria,fine_mie,2170.0,0.005842
algeria,fine_mie,2174.7,0.005862
algeria,fine_mie,2179.3,0.005862
algeria,fine_mie,2184.0,0.0059
algeria,fine_mie,2188.6,0.0059
algeria,fine_mie,2193.3,0.005881
algeria,fine_mie,2198.0,0.0059
algeria,fine_mie,2202.6,0.005002
algeria,fine_mie,2207.3,0.005002
algeria,fine_mie,2211.9,0.006301
algeria,fine_mie,2216.6,0.006301
algeria,fine_mie,2221.3,0.006301
algeria,fine_mie,2225.9,0.00632
algeria,fine_mie,2230.6,0.00632
algeria,fine_mie,2235.2,0.00632
algeria,fine_mie,2239.9,0.006301
algeria,fine_mie,2244.6,0.00632
algeria,fine_mie,2249.2,0.005308
algeria,fine_mie,2258.5,0.006568
algeria,fine_mie,2263.2,0.007236
algeria,fine_mie,2267.9,0.007236
algeria,fine_mie,2272.5,0.007236
algeria,fine_mie,2277.2,0.007236
algeria,fine_mie,2281.8,0.007236
algeria,fine_mie,2286.5,0.007236
algeria,fine_mie,2291.2,0.007236
algeria,fine_mie,2295.8,0.007217
algeria,fine_mie,2314.5,0.007103
algeria,fine_mie,2319.1,0.007103
algeria,fine_mie,2323.8,0.007122
algeria,fine_mie,2328.4,0.007122
algeria,fine_mie,2333.1,0.007141
algeria,fine_mie,2337.8,0.007122
algeria,fine_mie,2342.4,0.007103
algeria,fine_mie,2347.1,0.007122
algeria,fine_mie,2351.7,0.005842
algeria,fine_mie,2356.4,0.005728
algeria,fine_mie,2361.1,0.00674
algeria,fine_mie,2365.7,0.006721
algeria,fine_mie,2370.4,0.006702
algeria,fine_mie,2375.0,0.006721
algeria,fine_mie,2379.7,0.006721
algeria,fine_mie,2384.4,0.006721
algeria,fine_mie,2389.0,0.006721
algeria,fine_mie,2393.7,0.006721
algeria,fine_mie,2412.3,0.006702
algeria,fine_mie,2417.0,0.006721
algeria,fine_mie,2421.7,0.006721
algeria,fine_mie,2426.3,0.006759
algeria,fine_mie,2431.0,0.006759
algeria,fine_mie,2435.6,0.006759
algeria,fine_mie,2440.3,0.006778
algeria,fine_mie,2445.0,0.006778
algeria,fine_mie,2449.6,0.007866
algeria,fine_mie,2454.3,0.007866
algeria,fine_mie,2458.9,0.006301
algeria,fine_mie,2463.6,0.006301
algeria,fine_mie,2468.3,0.006301
algeria,fine_mie,2472.9,0.006301
algeria,fine_mie,2477.6,0.006301
algeria,fine_mie,2482.2,0.006301
algeria,fine_mie,2486.9,0.006301
algeria,fine_mie,2491.6,0.006301
algeria,fine_mie,2496.2,0.006282
algeria,fine_tmatrix,361.8,0.008764
algeria,fine_tmatrix,366.5,0.009566
algeria,fine_tmatrix,371.2,0.009566
algeria,fine_tmatrix,375.8,0.009566
algeria,fine_tmatrix,380.5,0.010368
algeria,fine_tmatrix,385.1,0.008286
algeria,fine_tmatrix,389.8,0.008134
algeria,fine_tmatrix,394.5,0.007007
algeria,fine_tmatrix,399.1,0.00695
algeria,fine_tmatrix,403.8,0.006931
algeria,fine_tmatrix,408.4,0.006931
algeria,fine_tmatrix,413.1,0.006148
algeria,fine_tmatrix,417.8,0.006129
algeria,fine_tmatrix,422.4,0.005995
algeria,fine_tmatrix,427.1,0.005232
algeria,fine_tmatrix,431.7,0.005232
algeria,fine_tmatrix,436.4,0.004907
algeria,fine_tmatrix,441.1,0.004468
algeria,fine_tmatrix,445.7,0.004315
algeria,fine_tmatrix,450.4,0.00399
algeria,fine_tmatrix,455.0,0.00399
algeria,fine_tmatrix,459.7,0.003971
algeria,fine_tmatrix,464.4,0.003895
algeria,fine_tmatrix,469.0,0.003895
algeria,fine_tmatrix,473.7,0.00336
algeria,fine_tmatrix,478.3,0.003341
algeria,fine_tmatrix,483.0,0.003341
algeria,fine_tmatrix,487.7,0.003322
algeria,fine_tmatrix,492.3,0.003246
algeria,fine_tmatrix,497.0,0.003074
algeria,fine_tmatrix,501.7,0.002902
algeria,fine_tmatrix,506.3,0.002902
algeria,fine_tmatrix,511.0,0.002845
algeria,fine_tmatrix,515.6,0.00273
algeria,fine_tmatrix,520.3,0.00273
algeria,fine_tmatrix,525.0,0.002387
algeria,fine_tmatrix,529.6,0.002368
algeria,fine_tmatrix,534.3,0.002368
algeria,fine_tmatrix,538.9,0.002215
algeria,fine_tmatrix,543.6,0.002158
algeria,fine_tmatrix,548.3,0.002024
algeria,fine_tmatrix,552.9,0.001986
algeria,fine_tmatrix,557.6,0.001986
algeria,fine_tmatrix,562.2,0.001871
algeria,fine_tmatrix,566.9,0.001795
algeria,fine_tmatrix,571.6,0.001757
algeria,fine_tmatrix,576.2,0.001604
algeria,fine_tmatrix,580.9,0.001604
algeria,fine_tmatrix,585.5,0.001585
algeria,fine_tmatrix,590.2,0.001585
algeria,fine_tmatrix,594.9,0.001585
algeria,fine_tmatrix,599.5,0.001604
algeria,fine_tmatrix,604.2,0.001604
algeria,fine_tmatrix,608.8,0.001585
algeria,fine_tmatrix,613.5,0.001566
algeria,fine_tmatrix,618.2,0.001585
algeria,fine_tmatrix,622.8,0.001585
algeria,fine_tmatrix,627.5,0.001585
algeria,fine_tmatrix,632.1,0.001585
algeria,fine_tmatrix,636.8,0.001566
algeria,fine_tmatrix,641.5,0.001547
algeria,fine_tmatrix,646.1,0.001527
algeria,fine_tmatrix,650.8,0.001413
algeria,fine_tmatrix,655.4,0.001413
algeria,fine_tmatrix,660.1,0.001375
algeria,fine_tmatrix,664.8,0.001375
algeria,fine_tmatrix,669.4,0.001394
algeria,fine_tmatrix,674.1,0.001394
algeria,fine_tmatrix,678.7,0.001375
algeria,fine_tmatrix,683.4,0.001375
algeria,fine_tmatrix,688.1,0.001394
algeria,fine_tmatrix,692.7,0.001394
algeria,fine_tmatrix,697.4,0.001394
algeria,fine_tmatrix,702.0,0.001413
algeria,fine_tmatrix,706.7,0.001432
algeria,fine_tmatrix,711.4,0.001413
algeria,fine_tmatrix,716.0,0.001375
algeria,fine_tmatrix,720.7,0.001394
algeria,fine_tmatrix,725.3,0.001375
algeria,fine_tmatrix,730.0,0.001375
algeria,fine_tmatrix,734.7,0.001375
algeria,fine_tmatrix,739.3,0.001375
algeria,fine_tmatrix,744.0,0.001375
algeria,fine_tmatrix,748.6,0.001394
algeria,fine_tmatrix,753.3,0.001413
algeria,fine_tmatrix,758.0,0.001413
algeria,fine_tmatrix,762.6,0.001432
algeria,fine_tmatrix,767.3,0.001432
algeria,fine_tmatrix,771.9,0.001451
algeria,fine_tmatrix,776.6,0.001547
algeria,fine_tmatrix,781.3,0.001547
algeria,fine_tmatrix,785.9,0.001527
algeria,fine_tmatrix,790.6,0.001432
algeria,fine_tmatrix,795.2,0.001432
algeria,fine_tmatrix,799.9,0.001413
algeria,fine_tmatrix,804.6,0.001413
algeria,fine_tmatrix,809.2,0.001413
algeria,fine_tmatrix,813.9,0.001432
algeria,fine_tmatrix,818.5,0.001432
algeria,fine_tmatrix,823.2,0.001547
algeria,fine_tmatrix,827.9,0.001547
algeria,fine_tmatrix,832.5,0.001547
algeria,fine_tmatrix,837.2,0.001547
algeria,fine_tmatrix,841.8,0.001547
algeria,fine_tmatrix,846.5,0.001547
algeria,fine_tmatrix,851.2,0.001547
algeria,fine_tmatrix,855.8,0.001547
algeria,fine_tmatrix,860.5,0.001547
algeria,fine_tmatrix,865.1,0.001547
algeria,fine_tmatrix,869.8,0.001547
algeria,fine_tmatrix,888.4,0.001547
algeria,fine_tmatrix,893.1,0.001547
algeria,fine_tmatrix,897.8,0.001547
algeria,fine_tmatrix,902.4,0.001547
algeria,fine_tmatrix,907.1,0.001547
algeria,fine_tmatrix,911.7,0.001547
algeria,fine_tmatrix,916.4,0.001547
algeria,fine_tmatrix,921.1,0.001527
algeria,fine_tmatrix,939.7,0.001757
algeria,fine_tmatrix,944.4,0.001757
algeria,fine_tmatrix,949.0,0.001757
algeria,fine_tmatrix,953.7,0.001757
algeria,fine_tmatrix,958.3,0.001757
algeria,fine_tmatrix,963.0,0.001757
algeria,fine_tmatrix,967.7,0.001757
algeria,fine_tmatrix,972.3,0.001718
algeria,fine_tmatrix,986.3,0.001947
algeria,fine_tmatrix,991.0,0.001947
algeria,fine_tmatrix,995.6,0.001947
algeria,fine_tmatrix,1000.3,0.001947
algeria,fine_tmatrix,1005.0,0.001947
algeria,fine_tmatrix,1009.6,0.001947
algeria,fine_tmatrix,1014.3,0.001947
algeria,fine_tmatrix,1018.9,0.001947
algeria,fine_tmatrix,1037.6,0.002291
algeria,fine_tmatrix,1042.2,0.002177
algeria,fine_tmatrix,1046.9,0.002177
algeria,fine_tmatrix,1051.6,0.002177
algeria,fine_tmatrix,1056.2,0.002177
algeria,fine_tmatrix,1060.9,0.002177
algeria,fine_tmatrix,1065.5,0.002177
algeria,fine_tmatrix,1070.2,0.002158
algeria,fine_tmatrix,1088.8,0.002329
algeria,fine_tmatrix,1093.5,0.002368
algeria,fine_tmatrix,1098.2,0.002368
algeria,fine_tmatrix,1102.8,0.002368
algeria,fine_tmatrix,1107.5,0.002368
algeria,fine_tmatrix,1112.1,0.002368
algeria,fine_tmatrix,1116.8,0.002368
algeria,fine_tmatrix,1121.5,0.002329
algeria,fine_tmatrix,1140.1,0.003379
algeria,fine_tmatrix,1144.8,0.003379
algeria,fine_tmatrix,1149.4,0.003379
algeria,fine_tmatrix,1154.1,0.003379
algeria,fine_tmatrix,1158.7,0.003379
algeria,fine_tmatrix,1163.4,0.003379
algeria,fine_tmatrix,1168.1,0.00336
algeria,fine_tmatrix,1172.7,0.003322
algeria,fine_tmatrix,1186.7,0.003532
algeria,fine_tmatrix,1191.4,0.003551
algeria,fine_tmatrix,1196.0,0.003551
algeria,fine_tmatrix,1200.7,0.003551
algeria,fine_tmatrix,1205.3,0.003551
algeria,fine_tmatrix,1210.0,0.003551
algeria,fine_tmatrix,1214.7,0.003551
algeria,fine_tmatrix,1219.3,0.003532
algeria,fine_tmatrix,1238.0,0.003742
algeria,fine_tmatrix,1242.6,0.003761
algeria,fine_tmatrix,1247.3,0.003761
algeria,fine_tmatrix,1251.9,0.003761
algeria,fine_tmatrix,1256.6,0.003761
algeria,fine_tmatrix,1261.3,0.003761
algeria,fine_tmatrix,1265.9,0.003761
algeria,fine_tmatrix,1270.6,0.003742
algeria,fine_tmatrix,1289.2,0.003933
algeria,fine_tmatrix,1293.9,0.003952
algeria,fine_tmatrix,1298.5,0.003952
algeria,fine_tmatrix,1303.2,0.003952
algeria,fine_tmatrix,1307.9,0.003952
algeria,fine_tmatrix,1312.5,0.003952
algeria,fine_tmatrix,1317.2,0.003952
algeria,fine_tmatrix,1321.8,0.003704
algeria,fine_tmatrix,1335.8,0.003933
algeria,fine_tmatrix,1340.5,0.003971
algeria,fine_tmatrix,1345.1,0.003971
algeria,fine_tmatrix,1349.8,0.003971
algeria,fine_tmatrix,1354.5,0.003971
algeria,fine_tmatrix,1359.1,0.003971
algeria,fine_tmatrix,1363.8,0.003971
algeria,fine_tmatrix,1368.4,0.003971
algeria,fine_tmatrix,1373.1,0.003933
algeria,fine_tmatrix,1387.1,0.004468
algeria,fine_tmatrix,1391.7,0.004181
algeria,fine_tmatrix,1396.4,0.004181
algeria,fine_tmatrix,1401.1,0.004181
algeria,fine_tmatrix,1405.7,0.004181
algeria,fine_tmatrix,1410.4,0.004181
algeria,fine_tmatrix,1415.0,0.004181
algeria,fine_tmatrix,1419.7,0.004468
algeria,fine_tmatrix,1424.4,0.004811
algeria,fine_tmatrix,1438.3,0.004315
algeria,fine_tmatrix,1443.0,0.004372
algeria,fine_tmatrix,1447.7,0.004372
algeria,fine_tmatrix,1452.3,0.004372
algeria,fine_tmatrix,1457.0,0.004372
algeria,fine_tmatrix,1461.7,0.004372
algeria,fine_tmatrix,1466.3,0.004372
algeria,fine_tmatrix,1471.0,0.004353
algeria,fine_tmatrix,1489.6,0.004563
algeria,fine_tmatrix,1494.3,0.004563
algeria,fine_tmatrix,1498.9,0.004563
algeria,fine_tmatrix,1503.6,0.004563
algeria,fine_tmatrix,1508.3,0.004563
algeria,fine_tmatrix,1512.9,0.004563
algeria,fine_tmatrix,1517.6,0.004563
algeria,fine_tmatrix,1522.2,0.004258
algeria,fine_tmatrix,1536.2,0.004544
algeria,fine_tmatrix,1540.9,0.004601
algeria,fine_tmatrix,1545.5,0.004601
algeria,fine_tmatrix,1550.2,0.004601
algeria,fine_tmatrix,1554.9,0.004601
algeria,fine_tmatrix,1559.5,0.004601
algeria,fine_tmatrix,1564.2,0.004601
algeria,fine_tmatrix,1568.8,0.004582
algeria,fine_tmatrix,1573.5,0.004544
algeria,fine_tmatrix,1592.1,0.004735
algeria,fine_tmatrix,1596.8,0.004716
algeria,fine_tmatrix,1601.5,0.004716
algeria,fine_tmatrix,1606.1,0.004716
algeria,fine_tmatrix,1610.8,0.004716
algeria,fine_tmatrix,1615.4,0.004716
algeria,fine_tmatrix,1620.1,0.004697
algeria,fine_tmatrix,1638.7,0.005327
algeria,fine_tmatrix,1643.4,0.005346
algeria,fine_tmatrix,1648.1,0.005346
algeria,fine_tmatrix,1652.7,0.005346
algeria,fine_tmatrix,1657.4,0.005346
algeria,fine_tmatrix,1662.0,0.005346
algeria,fine_tmatrix,1666.7,0.005346
algeria,fine_tmatrix,1671.4,0.005327
algeria,fine_tmatrix,1690.0,0.005537
algeria,fine_tmatrix,1694.7,0.005556
algeria,fine_tmatrix,1699.3,0.005556
algeria,fine_tmatrix,1704.0,0.005556
algeria,fine_tmatrix,1708.6,0.005556
algeria,fine_tmatrix,1713.3,0.005556
algeria,fine_tmatrix,1718.0,0.005556
algeria,fine_tmatrix,1722.6,0.005174
algeria,fine_tmatrix,1736.6,0.004506
algeria,fine_tmatrix,1741.3,0.005346
algeria,fine_tmatrix,1745.9,0.005346
algeria,fine_tmatrix,1750.6,0.005346
algeria,fine_tmatrix,1755.2,0.005346
algeria,fine_tmatrix,1759.9,0.005346
algeria,fine_tmatrix,1764.6,0.005346
algeria,fine_tmatrix,1769.2,0.005346
algeria,fine_tmatrix,1773.9,0.004506
algeria,fine_tmatrix,1787.9,0.005728
algeria,fine_tmatrix,1792.5,0.005747
algeria,fine_tmatrix,1797.2,0.005747
algeria,fine_tmatrix,1801.8,0.005747
algeria,fine_tmatrix,1806.5,0.005747
algeria,fine_tmatrix,1811.2,0.005747
algeria,fine_tmatrix,1815.8,0.005747
algeria,fine_tmatrix,1820.5,0.005728
algeria,fine_tmatrix,1839.1,0.005938
algeria,fine_tmatrix,1843.8,0.005938
algeria,fine_tmatrix,1848.4,0.005938
algeria,fine_tmatrix,1853.1,0.005938
algeria,fine_tmatrix,1857.8,0.005938
algeria,fine_tmatrix,1862.4,0.005938
algeria,fine_tmatrix,1867.1,0.005938
algeria,fine_tmatrix,1871.7,0.005919
algeria,fine_tmatrix,1890.4,0.005938
algeria,fine_tmatrix,1895.0,0.005938
algeria,fine_tmatrix,1899.7,0.005938
algeria,fine_tmatrix,1904.4,0.005938
algeria,fine_tmatrix,1909.0,0.005938
algeria,fine_tmatrix,1913.7,0.005938
algeria,fine_tmatrix,1918.3,0.005919
algeria,fine_tmatrix,1923.0,0.005919
algeria,fine_tmatrix,1941.7,0.005976
algeria,fine_tmatrix,1946.3,0.005976
algeria,fine_tmatrix,1951.0,0.005976
algeria,fine_tmatrix,1955.6,0.005976
algeria,fine_tmatrix,1960.3,0.005976
algeria,fine_tmatrix,1965.0,0.005976
algeria,fine_tmatrix,1969.6,0.005938
algeria,fine_tmatrix,1988.3,0.005919
algeria,fine_tmatrix,1992.9,0.005938
algeria,fine_tmatrix,1997.6,0.005938
algeria,fine_tmatrix,2002.2,0.005938
algeria,fine_tmatrix,2006.9,0.005938
algeria,fine_tmatrix,2011.6,0.005938
algeria,fine_tmatrix,2016.2,0.005938
algeria,fine_tmatrix,2020.9,0.005919
algeria,fine_tmatrix,2039.5,0.005957
algeria,fine_tmatrix,2044.2,0.005976
algeria,fine_tmatrix,2048.8,0.005976
algeria,fine_tmatrix,2053.5,0.005976
algeria,fine_tmatrix,2058.2,0.005976
algeria,fine_tmatrix,2062.8,0.005976
algeria,fine_tmatrix,2067.5,0.005976
algeria,fine_tmatrix,2072.1,0.005957
algeria,fine_tmatrix,2090.8,0.005938
algeria,fine_tmatrix,2095.4,0.005957
algeria,fine_tmatrix,2100.1,0.005957
algeria,fine_tmatrix,2104.8,0.005957
algeria,fine_tmatrix,2109.4,0.005957
algeria,fine_tmatrix,2114.1,0.005957
algeria,fine_tmatrix,2118.7,0.005957
algeria,fine_tmatrix,2123.4,0.005919
algeria,fine_tmatrix,2137.4,0.00695
algeria,fine_tmatrix,2142.0,0.006969
algeria,fine_tmatrix,2146.7,0.006969
algeria,fine_tmatrix,2151.4,0.006969
algeria,fine_tmatrix,2156.0,0.006969
algeria,fine_tmatrix,2160.7,0.006969
algeria,fine_tmatrix,2165.3,0.006969
algeria,fine_tmatrix,2170.0,0.00695
algeria,fine_tmatrix,2188.6,0.00653
algeria,fine_tmatrix,2193.3,0.006549
algeria,fine_tmatrix,2198.0,0.006549
algeria,fine_tmatrix,2202.6,0.006549
algeria,fine_tmatrix,2207.3,0.006549
algeria,fine_tmatrix,2211.9,0.006549
algeria,fine_tmatrix,2216.6,0.006549
algeria,fine_tmatrix,2221.3,0.006072
algeria,fine_tmatrix,2239.9,0.00695
algeria,fine_tmatrix,2244.6,0.00695
algeria,fine_tmatrix,2249.2,0.00695
algeria,fine_tmatrix,2253.9,0.00695
algeria,fine_tmatrix,2258.5,0.00695
algeria,fine_tmatrix,2263.2,0.00695
algeria,fine_tmatrix,2267.9,0.00695
algeria,fine_tmatrix,2272.5,0.006912
algeria,fine_tmatrix,2291.2,0.007962
algeria,fine_tmatrix,2295.8,0.007962
algeria,fine_tmatrix,2300.5,0.007962
algeria,fine_tmatrix,2305.1,0.007962
algeria,fine_tmatrix,2309.8,0.007962
algeria,fine_tmatrix,2314.5,0.007962
algeria,fine_tmatrix,2319.1,0.007943
algeria,fine_tmatrix,2323.8,0.007905
algeria,fine_tmatrix,2337.8,0.007351
algeria,fine_tmatrix,2342.4,0.007389
algeria,fine_tmatrix,2347.1,0.007389
algeria,fine_tmatrix,2351.7,0.007389
algeria,fine_tmatrix,2356.4,0.007389
algeria,fine_tmatrix,2361.1,0.007389
algeria,fine_tmatrix,2365.7,0.007389
algeria,fine_tmatrix,2370.4,0.00737
algeria,fine_tmatrix,2389.0,0.007351
algeria,fine_tmatrix,2393.7,0.007408
algeria,fine_tmatrix,2398.3,0.007408
algeria,fine_tmatrix,2403.0,0.007408
algeria,fine_tmatrix,2407.7,0.007408
algeria,fine_tmatrix,2412.3,0.007408
algeria,fine_tmatrix,2417.0,0.007408
algeria,fine_tmatrix,2421.7,0.007351
algeria,fine_tmatrix,2440.3,0.009776
algeria,fine_tmatrix,2445.0,0.009795
algeria,fine_tmatrix,2449.6,0.009795
algeria,fine_tmatrix,2454.3,0.009795
algeria,fine_tmatrix,2458.9,0.009795
algeria,fine_tmatrix,2463.6,0.009795
algeria,fine_tmatrix,2468.3,0.009795
algeria,fine_tmatrix,2472.9,0.009737
algeria,fine_tmatrix,2617.4,0.007981
algeria,fine_tmatrix,2622.0,0.007981
algeria,fine_tmatrix,2626.7,0.007981
algeria,fine_tmatrix,2631.4,0.007981
algeria,fine_tmatrix,2636.0,0.007981
algeria,fine_tmatrix,2640.7,0.007981
algeria,mixed_mie,338.5,0.00737
algeria,mixed_mie,343.2,0.00737
algeria,mixed_mie,347.9,0.00737
algeria,mixed_mie,352.5,0.00737
algeria,mixed_mie,357.2,0.00737
algeria,mixed_mie,361.8,0.007465
algeria,mixed_mie,366.5,0.007465
algeria,mixed_mie,371.2,0.007733
algeria,mixed_mie,375.8,0.007752
algeria,mixed_mie,380.5,0.007752
algeria,mixed_mie,385.1,0.007733
algeria,mixed_mie,389.8,0.005747
algeria,mixed_mie,394.5,0.005747
algeria,mixed_mie,399.1,0.005613
algeria,mixed_mie,403.8,0.005575
algeria,mixed_mie,408.4,0.005537
algeria,mixed_mie,413.1,0.005136
algeria,mixed_mie,417.8,0.005117
algeria,mixed_mie,422.4,0.004258
algeria,mixed_mie,427.1,0.004239
algeria,mixed_mie,431.7,0.004239
algeria,mixed_mie,436.4,0.003303
algeria,mixed_mie,441.1,0.003284
algeria,mixed_mie,445.7,0.003284
algeria,mixed_mie,450.4,0.00315
algeria,mixed_mie,455.0,0.00315
algeria,mixed_mie,459.7,0.00315
algeria,mixed_mie,464.4,0.002826
algeria,mixed_mie,469.0,0.002826
algeria,mixed_mie,473.7,0.002711
algeria,mixed_mie,478.3,0.002692
algeria,mixed_mie,483.0,0.002692
algeria,mixed_mie,487.7,0.002138
algeria,mixed_mie,492.3,0.002138
algeria,mixed_mie,497.0,0.002024
algeria,mixed_mie,501.7,0.002024
algeria,mixed_mie,506.3,0.002024
algeria,mixed_mie,511.0,0.002005
algeria,mixed_mie,515.6,0.001833
algeria,mixed_mie,520.3,0.001642
algeria,mixed_mie,525.0,0.001585
algeria,mixed_mie,529.6,0.001585
algeria,mixed_mie,534.3,0.001585
algeria,mixed_mie,538.9,0.001394
algeria,mixed_mie,543.6,0.001394
algeria,mixed_mie,548.3,0.001241
algeria,mixed_mie,552.9,0.001222
algeria,mixed_mie,557.6,0.001222
algeria,mixed_mie,562.2,0.00105
algeria,mixed_mie,566.9,0.00105
algeria,mixed_mie,571.6,0.000916
algeria,mixed_mie,576.2,0.000878
algeria,mixed_mie,580.9,0.000878
algeria,mixed_mie,585.5,0.000878
algeria,mixed_mie,590.2,0.000821
algeria,mixed_mie,594.9,0.000821
algeria,mixed_mie,599.5,0.000726
algeria,mixed_mie,604.2,0.000706
algeria,mixed_mie,608.8,0.000706
algeria,mixed_mie,613.5,0.000706
algeria,mixed_mie,618.2,0.000706
algeria,mixed_mie,622.8,0.000687
algeria,mixed_mie,627.5,0.000687
algeria,mixed_mie,632.1,0.000687
algeria,mixed_mie,636.8,0.000687
algeria,mixed_mie,641.5,0.000687
algeria,mixed_mie,646.1,0.000687
algeria,mixed_mie,650.8,0.000668
algeria,mixed_mie,655.4,0.000668
algeria,mixed_mie,660.1,0.000649
algeria,mixed_mie,664.8,0.000573
algeria,mixed_mie,669.4,0.000573
algeria,mixed_mie,674.1,0.000516
algeria,mixed_mie,678.7,0.000516
algeria,mixed_mie,683.4,0.000516
algeria,mixed_mie,688.1,0.000554
algeria,mixed_mie,692.7,0.000573
algeria,mixed_mie,697.4,0.000573
algeria,mixed_mie,702.0,0.000611
algeria,mixed_mie,706.7,0.000611
algeria,mixed_mie,711.4,0.000611
algeria,mixed_mie,716.0,0.000611
algeria,mixed_mie,720.7,0.000611
algeria,mixed_mie,725.3,0.000592
algeria,mixed_mie,730.0,0.000611
algeria,mixed_mie,734.7,0.000611
algeria,mixed_mie,739.3,0.000611
algeria,mixed_mie,744.0,0.000611
algeria,mixed_mie,748.6,0.000611
algeria,mixed_mie,753.3,0.000611
algeria,mixed_mie,758.0,0.000611
algeria,mixed_mie,762.6,0.000611
algeria,mixed_mie,767.3,0.000611
algeria,mixed_mie,771.9,0.000611
algeria,mixed_mie,776.6,0.000592
algeria,mixed_mie,781.3,0.000592
algeria,mixed_mie,785.9,0.000573
algeria,mixed_mie,790.6,0.000535
algeria,mixed_mie,795.2,0.000535
algeria,mixed_mie,799.9,0.000516
algeria,mixed_mie,804.6,0.000516
algeria,mixed_mie,809.2,0.000516
algeria,mixed_mie,813.9,0.000516
algeria,mixed_mie,818.5,0.000516
algeria,mixed_mie,823.2,0.000516
algeria,mixed_mie,827.9,0.000516
algeria,mixed_mie,832.5,0.000516
algeria,mixed_mie,837.2,0.000516
algeria,mixed_mie,841.8,0.000535
algeria,mixed_mie,846.5,0.000554
algeria,mixed_mie,851.2,0.000554
algeria,mixed_mie,855.8,0.000554
algeria,mixed_mie,860.5,0.000535
algeria,mixed_mie,865.1,0.000496
algeria,mixed_mie,869.8,0.000496
algeria,mixed_mie,874.5,0.000458
algeria,mixed_mie,879.1,0.000458
algeria,mixed_mie,883.8,0.000458
algeria,mixed_mie,888.4,0.000458
algeria,mixed_mie,893.1,0.000458
algeria,mixed_mie,897.8,0.000439
algeria,mixed_mie,902.4,0.000439
algeria,mixed_mie,907.1,0.000439
algeria,mixed_mie,911.7,0.000477
algeria,mixed_mie,916.4,0.000477
algeria,mixed_mie,921.1,0.000477
algeria,mixed_mie,925.7,0.000496
algeria,mixed_mie,930.4,0.000496
algeria,mixed_mie,935.0,0.000516
algeria,mixed_mie,939.7,0.000554
algeria,mixed_mie,944.4,0.000554
algeria,mixed_mie,949.0,0.000554
algeria,mixed_mie,953.7,0.000554
algeria,mixed_mie,958.3,0.000554
algeria,mixed_mie,963.0,0.000554
algeria,mixed_mie,967.7,0.000554
algeria,mixed_mie,972.3,0.000554
algeria,mixed_mie,977.0,0.000535
algeria,mixed_mie,981.7,0.000554
algeria,mixed_mie,986.3,0.000573
algeria,mixed_mie,991.0,0.000592
algeria,mixed_mie,995.6,0.000592
algeria,mixed_mie,1000.3,0.000592
algeria,mixed_mie,1005.0,0.000611
algeria,mixed_mie,1009.6,0.000611
algeria,mixed_mie,1014.3,0.000611
algeria,mixed_mie,1018.9,0.000611
algeria,mixed_mie,1023.6,0.000592
algeria,mixed_mie,1028.3,0.000573
algeria,mixed_mie,1032.9,0.000573
algeria,mixed_mie,1037.6,0.000554
algeria,mixed_mie,1042.2,0.000554
algeria,mixed_mie,1046.9,0.000496
algeria,mixed_mie,1051.6,0.000496
algeria,mixed_mie,1056.2,0.000496
algeria,mixed_mie,1060.9,0.000516
algeria,mixed_mie,1065.5,0.000516
algeria,mixed_mie,1070.2,0.000516
algeria,mixed_mie,1074.9,0.000516
algeria,mixed_mie,1079.5,0.000535
algeria,mixed_mie,1084.2,0.000535
algeria,mixed_mie,1088.8,0.000554
algeria,mixed_mie,1093.5,0.000554
algeria,mixed_mie,1098.2,0.000573
algeria,mixed_mie,1102.8,0.000611
algeria,mixed_mie,1107.5,0.00063
algeria,mixed_mie,1112.1,0.00063
algeria,mixed_mie,1116.8,0.00063
algeria,mixed_mie,1121.5,0.00063
algeria,mixed_mie,1126.1,0.00063
algeria,mixed_mie,1130.8,0.00063
algeria,mixed_mie,1135.4,0.00063
algeria,mixed_mie,1140.1,0.000611
algeria,mixed_mie,1144.8,0.000611
algeria,mixed_mie,1149.4,0.000592
algeria,mixed_mie,1154.1,0.000592
algeria,mixed_mie,1158.7,0.000592
algeria,mixed_mie,1163.4,0.000611
algeria,mixed_mie,1168.1,0.000611
algeria,mixed_mie,1172.7,0.000611
algeria,mixed_mie,1177.4,0.00063
algeria,mixed_mie,1182.0,0.00063
algeria,mixed_mie,1186.7,0.00063
algeria,mixed_mie,1191.4,0.00063
algeria,mixed_mie,1196.0,0.00063
algeria,mixed_mie,1200.7,0.00063
algeria,mixed_mie,1205.3,0.00063
algeria,mixed_mie,1210.0,0.00063
algeria,mixed_mie,1214.7,0.000649
algeria,mixed_mie,1219.3,0.000649
algeria,mixed_mie,1224.0,0.000649
algeria,mixed_mie,1228.6,0.000668
algeria,mixed_mie,1233.3,0.000668
algeria,mixed_mie,1238.0,0.000649
algeria,mixed_mie,1242.6,0.000649
algeria,mixed_mie,1247.3,0.00063
algeria,mixed_mie,1251.9,0.000611
algeria,mixed_mie,1256.6,0.000611
algeria,mixed_mie,1261.3,0.00063
algeria,mixed_mie,1265.9,0.00063
algeria,mixed_mie,1270.6,0.00063
algeria,mixed_mie,1275.2,0.00063
algeria,mixed_mie,1279.9,0.00063
algeria,mixed_mie,1284.6,0.000611
algeria,mixed_mie,1289.2,0.000611
algeria,mixed_mie,1293.9,0.000611
algeria,mixed_mie,1298.5,0.000573
algeria,mixed_mie,1303.2,0.000573
algeria,mixed_mie,1307.9,0.000573
algeria,mixed_mie,1312.5,0.000573
algeria,mixed_mie,1317.2,0.000592
algeria,mixed_mie,1321.8,0.000592
algeria,mixed_mie,1326.5,0.000592
algeria,mixed_mie,1331.2,0.000592
algeria,mixed_mie,1335.8,0.000592
algeria,mixed_mie,1340.5,0.000592
algeria,mixed_mie,1345.1,0.000592
algeria,mixed_mie,1349.8,0.000592
algeria,mixed_mie,1354.5,0.000592
algeria,mixed_mie,1359.1,0.000592
algeria,mixed_mie,1363.8,0.000649
algeria,mixed_mie,1368.4,0.000649
algeria,mixed_mie,1373.1,0.000726
algeria,mixed_mie,1377.8,0.000745
algeria,mixed_mie,1382.4,0.000745
algeria,mixed_mie,1387.1,0.000687
algeria,mixed_mie,1391.7,0.000687
algeria,mixed_mie,1396.4,0.000687
algeria,mixed_mie,1401.1,0.00063
algeria,mixed_mie,1405.7,0.00063
algeria,mixed_mie,1410.4,0.000649
algeria,mixed_mie,1415.0,0.000706
algeria,mixed_mie,1419.7,0.000706
algeria,mixed_mie,1424.4,0.000726
algeria,mixed_mie,1429.0,0.000745
algeria,mixed_mie,1433.7,0.000745
algeria,mixed_mie,1438.3,0.000745
algeria,mixed_mie,1443.0,0.000745
algeria,mixed_mie,1447.7,0.000726
algeria,mixed_mie,1452.3,0.000706
algeria,mixed_mie,1457.0,0.000706
algeria,mixed_mie,1461.7,0.000706
algeria,mixed_mie,1466.3,0.000706
algeria,mixed_mie,1471.0,0.000706
algeria,mixed_mie,1475.6,0.000706
algeria,mixed_mie,1480.3,0.000706
algeria,mixed_mie,1485.0,0.000706
algeria,mixed_mie,1489.6,0.000706
algeria,mixed_mie,1494.3,0.000706
algeria,mixed_mie,1498.9,0.000706
algeria,mixed_mie,1503.6,0.000706
algeria,mixed_mie,1508.3,0.000706
algeria,mixed_mie,1512.9,0.000687
algeria,mixed_mie,1517.6,0.000706
algeria,mixed_mie,1522.2,0.000706
algeria,mixed_mie,1526.9,0.000706
algeria,mixed_mie,1531.6,0.000706
algeria,mixed_mie,1536.2,0.000726
algeria,mixed_mie,1540.9,0.000764
algeria,mixed_mie,1545.5,0.000764
algeria,mixed_mie,1550.2,0.000802
algeria,mixed_mie,1554.9,0.000802
algeria,mixed_mie,1559.5,0.000802
algeria,mixed_mie,1564.2,0.000783
algeria,mixed_mie,1568.8,0.000783
algeria,mixed_mie,1573.5,0.000764
algeria,mixed_mie,1578.2,0.000745
algeria,mixed_mie,1582.8,0.000745
algeria,mixed_mie,1587.5,0.000745
algeria,mixed_mie,1592.1,0.000764
algeria,mixed_mie,1596.8,0.000764
algeria,mixed_mie,1601.5,0.000764
algeria,mixed_mie,1606.1,0.000764
algeria,mixed_mie,1610.8,0.000764
algeria,mixed_mie,1615.4,0.000764
algeria,mixed_mie,1620.1,0.000764
algeria,mixed_mie,1624.8,0.000802
algeria,mixed_mie,1629.4,0.000802
algeria,mixed_mie,1634.1,0.000802
algeria,mixed_mie,1638.7,0.000821
algeria,mixed_mie,1643.4,0.000821
algeria,mixed_mie,1648.1,0.00084
algeria,mixed_mie,1652.7,0.000859
algeria,mixed_mie,1657.4,0.000859
algeria,mixed_mie,1662.0,0.000897
algeria,mixed_mie,1666.7,0.000916
algeria,mixed_mie,1671.4,0.000916
algeria,mixed_mie,1676.0,0.000916
algeria,mixed_mie,1680.7,0.000916
algeria,mixed_mie,1685.3,0.000916
algeria,mixed_mie,1690.0,0.00084
algeria,mixed_mie,1694.7,0.000821
algeria,mixed_mie,1699.3,0.000764
algeria,mixed_mie,1704.0,0.000764
algeria,mixed_mie,1708.6,0.000764
algeria,mixed_mie,1713.3,0.000783
algeria,mixed_mie,1718.0,0.000802
algeria,mixed_mie,1722.6,0.000802
algeria,mixed_mie,1727.3,0.00084
algeria,mixed_mie,1731.9,0.00084
algeria,mixed_mie,1736.6,0.00084
algeria,mixed_mie,1741.3,0.00084
algeria,mixed_mie,1745.9,0.00084
algeria,mixed_mie,1750.6,0.000802
algeria,mixed_mie,1755.2,0.000802
algeria,mixed_mie,1759.9,0.000802
algeria,mixed_mie,1764.6,0.000802
algeria,mixed_mie,1769.2,0.000802
algeria,mixed_mie,1773.9,0.000802
algeria,mixed_mie,1778.5,0.000783
algeria,mixed_mie,1783.2,0.000783
algeria,mixed_mie,1787.9,0.000821
algeria,mixed_mie,1792.5,0.000897
algeria,mixed_mie,1797.2,0.000955
algeria,mixed_mie,1801.8,0.000955
algeria,mixed_mie,1806.5,0.000955
algeria,mixed_mie,1811.2,0.000955
algeria,mixed_mie,1815.8,0.000955
algeria,mixed_mie,1820.5,0.000955
algeria,mixed_mie,1825.1,0.000955
algeria,mixed_mie,1829.8,0.000955
algeria,mixed_mie,1834.5,0.000955
algeria,mixed_mie,1839.1,0.000916
algeria,mixed_mie,1843.8,0.000916
algeria,mixed_mie,1848.4,0.000916
algeria,mixed_mie,1853.1,0.000897
algeria,mixed_mie,1857.8,0.000897
algeria,mixed_mie,1862.4,0.000859
algeria,mixed_mie,1867.1,0.000859
algeria,mixed_mie,1871.7,0.000859
algeria,mixed_mie,1876.4,0.00084
algeria,mixed_mie,1881.1,0.00084
algeria,mixed_mie,1885.7,0.00084
algeria,mixed_mie,1890.4,0.000878
algeria,mixed_mie,1895.0,0.000878
algeria,mixed_mie,1899.7,0.000897
algeria,mixed_mie,1904.4,0.000897
algeria,mixed_mie,1909.0,0.000897
algeria,mixed_mie,1913.7,0.000936
algeria,mixed_mie,1918.3,0.000936
algeria,mixed_mie,1923.0,0.000974
algeria,mixed_mie,1927.7,0.001012
algeria,mixed_mie,1932.3,0.001012
algeria,mixed_mie,1937.0,0.000993
algeria,mixed_mie,1941.7,0.000955
algeria,mixed_mie,1946.3,0.000955
algeria,mixed_mie,1951.0,0.000936
algeria,mixed_mie,1955.6,0.000916
algeria,mixed_mie,1960.3,0.000916
algeria,mixed_mie,1965.0,0.000897
algeria,mixed_mie,1969.6,0.000897
algeria,mixed_mie,1974.3,0.000878
algeria,mixed_mie,1978.9,0.000878
algeria,mixed_mie,1983.6,0.000878
algeria,mixed_mie,1988.3,0.000859
algeria,mixed_mie,1992.9,0.000859
algeria,mixed_mie,1997.6,0.000859
algeria,mixed_mie,2002.2,0.000859
algeria,mixed_mie,2006.9,0.000859
algeria,mixed_mie,2011.6,0.000897
algeria,mixed_mie,2016.2,0.000993
algeria,mixed_mie,2020.9,0.00105
algeria,mixed_mie,2025.5,0.001107
algeria,mixed_mie,2030.2,0.001088
algeria,mixed_mie,2034.9,0.001088
algeria,mixed_mie,2039.5,0.001146
algeria,mixed_mie,2044.2,0.001146
algeria,mixed_mie,2048.8,0.001146
algeria,mixed_mie,2053.5,0.001165
algeria,mixed_mie,2058.2,0.001165
algeria,mixed_mie,2062.8,0.001146
algeria,mixed_mie,2067.5,0.001146
algeria,mixed_mie,2072.1,0.001107
algeria,mixed_mie,2076.8,0.001069
algeria,mixed_mie,2081.5,0.001069
algeria,mixed_mie,2086.1,0.00105
algeria,mixed_mie,2090.8,0.000993
algeria,mixed_mie,2095.4,0.000993
algeria,mixed_mie,2100.1,0.000936
algeria,mixed_mie,2104.8,0.000936
algeria,mixed_mie,2109.4,0.000936
algeria,mixed_mie,2114.1,0.000955
algeria,mixed_mie,2118.7,0.000974
algeria,mixed_mie,2123.4,0.000993
algeria,mixed_mie,2128.1,0.001012
algeria,mixed_mie,2132.7,0.001012
algeria,mixed_mie,2137.4,0.001031
algeria,mixed_mie,2142.0,0.001069
algeria,mixed_mie,2146.7,0.001107
algeria,mixed_mie,2151.4,0.001146
algeria,mixed_mie,2156.0,0.001165
algeria,mixed_mie,2160.7,0.001165
algeria,mixed_mie,2165.3,0.001165
algeria,mixed_mie,2170.0,0.001165
algeria,mixed_mie,2174.7,0.001222
algeria,mixed_mie,2179.3,0.001222
algeria,mixed_mie,2184.0,0.001222
algeria,mixed_mie,2188.6,0.001298
algeria,mixed_mie,2193.3,0.001317
algeria,mixed_mie,2198.0,0.001337
algeria,mixed_mie,2202.6,0.001394
algeria,mixed_mie,2207.3,0.001394
algeria,mixed_mie,2211.9,0.001394
algeria,mixed_mie,2216.6,0.001394
algeria,mixed_mie,2221.3,0.001394
algeria,mixed_mie,2225.9,0.001394
algeria,mixed_mie,2230.6,0.001394
algeria,mixed_mie,2235.2,0.001394
algeria,mixed_mie,2239.9,0.001413
algeria,mixed_mie,2244.6,0.001413
algeria,mixed_mie,2249.2,0.001432
algeria,mixed_mie,2253.9,0.001432
algeria,mixed_mie,2258.5,0.001413
algeria,mixed_mie,2263.2,0.001413
algeria,mixed_mie,2267.9,0.001413
algeria,mixed_mie,2272.5,0.001413
algeria,mixed_mie,2277.2,0.001451
algeria,mixed_mie,2281.8,0.001451
algeria,mixed_mie,2286.5,0.00147
algeria,mixed_mie,2291.2,0.001489
algeria,mixed_mie,2295.8,0.001547
algeria,mixed_mie,2300.5,0.001585
algeria,mixed_mie,2305.1,0.001585
algeria,mixed_mie,2309.8,0.001585
algeria,mixed_mie,2314.5,0.001585
algeria,mixed_mie,2319.1,0.001604
algeria,mixed_mie,2323.8,0.001642
algeria,mixed_mie,2328.4,0.001661
algeria,mixed_mie,2333.1,0.001661
algeria,mixed_mie,2337.8,0.001642
algeria,mixed_mie,2342.4,0.001623
algeria,mixed_mie,2347.1,0.001623
algeria,mixed_mie,2351.7,0.001623
algeria,mixed_mie,2356.4,0.001623
algeria,mixed_mie,2361.1,0.001604
algeria,mixed_mie,2365.7,0.001585
algeria,mixed_mie,2370.4,0.001585
algeria,mixed_mie,2375.0,0.001585
algeria,mixed_mie,2379.7,0.001585
algeria,mixed_mie,2384.4,0.001585
algeria,mixed_mie,2389.0,0.001547
algeria,mixed_mie,2393.7,0.001527
algeria,mixed_mie,2398.3,0.00147
algeria,mixed_mie,2403.0,0.001451
algeria,mixed_mie,2407.7,0.00147
algeria,mixed_mie,2412.3,0.001432
algeria,mixed_mie,2417.0,0.001394
algeria,mixed_mie,2421.7,0.001375
algeria,mixed_mie,2426.3,0.001356
algeria,mixed_mie,2431.0,0.001356
algeria,mixed_mie,2435.6,0.001394
algeria,mixed_mie,2440.3,0.001566
algeria,mixed_mie,2445.0,0.001604
algeria,mixed_mie,2449.6,0.001814
algeria,mixed_mie,2454.3,0.001814
algeria,mixed_mie,2458.9,0.001852
algeria,mixed_mie,2463.6,0.001699
algeria,mixed_mie,2468.3,0.001699
algeria,mixed_mie,2472.9,0.001566
algeria,mixed_mie,2477.6,0.001508
algeria,mixed_mie,2482.2,0.001508
algeria,mixed_mie,2486.9,0.001508
algeria,mixed_mie,2491.6,0.001508
algeria,mixed_mie,2496.2,0.001489
mauritania,fine_mie,510.0,0.003139
mauritania,fine_mie,514.6,0.003139
mauritania,fine_mie,519.2,0.003139
mauritania,fine_mie,533.2,0.002967
mauritania,fine_mie,537.8,0.002947
mauritania,fine_mie,542.5,0.002967
mauritania,fine_mie,547.1,0.002947
mauritania,fine_mie,551.7,0.002947
mauritania,fine_mie,556.4,0.002947
mauritania,fine_mie,561.0,0.002928
mauritania,fine_mie,565.7,0.002947
mauritania,fine_mie,570.3,0.002928
mauritania,fine_mie,575.0,0.002871
mauritania,fine_mie,579.6,0.002871
mauritania,fine_mie,588.9,0.002871
mauritania,fine_mie,737.4,0.003139
mauritania,fine_mie,742.1,0.003139
mauritania,fine_mie,746.7,0.0031
mauritania,fine_mie,751.4,0.0031
mauritania,fine_mie,756.0,0.003062
mauritania,fine_mie,760.6,0.003062
mauritania,fine_mie,765.3,0.0031
mauritania,fine_mie,769.9,0.0031
mauritania,fine_mie,774.6,0.003062
mauritania,fine_mie,779.2,0.003062
mauritania,fine_mie,816.3,0.003254
mauritania,fine_mie,821.0,0.0031
mauritania,fine_mie,825.6,0.0031
mauritania,fine_mie,830.3,0.0031
mauritania,fine_mie,834.9,0.0031
mauritania,fine_mie,839.6,0.003234
mauritania,fine_mie,844.2,0.003234
mauritania,fine_mie,848.8,0.0031
mauritania,fine_mie,858.1,0.003196
mauritania,fine_mie,862.8,0.003215
mauritania,fine_mie,867.4,0.003234
mauritania,fine_mie,872.1,0.003234
mauritania,fine_mie,876.7,0.003254
mauritania,fine_mie,881.3,0.003254
mauritania,fine_mie,886.0,0.003273
mauritania,fine_mie,890.6,0.003292
mauritania,fine_mie,895.3,0.00333
mauritania,fine_mie,899.9,0.00333
mauritania,fine_mie,904.5,0.003388
mauritania,fine_mie,909.2,0.003368
mauritania,fine_mie,913.8,0.003368
mauritania,fine_mie,918.5,0.003368
mauritania,fine_mie,923.1,0.003311
mauritania,fine_mie,927.8,0.003311
mauritania,fine_mie,932.4,0.003292
mauritania,fine_mie,937.0,0.003292
mauritania,fine_mie,1002.0,0.003675
mauritania,fine_mie,1006.7,0.003675
mauritania,fine_mie,1011.3,0.003675
mauritania,fine_mie,1016.0,0.003866
mauritania,fine_mie,1020.6,0.003866
mauritania,fine_mie,1025.2,0.003675
mauritania,fine_mie,1029.9,0.003675
mauritania,fine_mie,1034.5,0.003675
mauritania,fine_mie,1039.2,0.003904
mauritania,fine_mie,1043.8,0.003904
mauritania,fine_mie,1048.5,0.003675
mauritania,fine_mie,1057.7,0.003675
mauritania,fine_mie,1062.4,0.003809
mauritania,fine_mie,1067.0,0.003828
mauritania,fine_mie,1071.7,0.003828
mauritania,fine_mie,1076.3,0.003809
mauritania,fine_mie,1080.9,0.003809
mauritania,fine_mie,1085.6,0.003809
mauritania,fine_mie,1090.2,0.003828
mauritania,fine_mie,1094.9,0.003789
mauritania,fine_mie,1099.5,0.003732
mauritania,fine_mie,1159.9,0.004211
mauritania,fine_mie,1164.5,0.004249
mauritania,fine_mie,1169.1,0.004268
mauritania,fine_mie,1173.8,0.00423
mauritania,fine_mie,1178.4,0.00423
mauritania,fine_mie,1183.1,0.00423
mauritania,fine_mie,1187.7,0.004287
mauritania,fine_mie,1192.4,0.004306
mauritania,fine_mie,1197.0,0.004306
mauritania,fine_mie,1201.6,0.004325
mauritania,fine_mie,1206.3,0.004325
mauritania,fine_mie,1210.9,0.004364
mauritania,fine_mie,1215.6,0.004402
mauritania,fine_mie,1220.2,0.004402
mauritania,fine_mie,1224.9,0.004383
mauritania,fine_mie,1229.5,0.004383
mauritania,fine_mie,1234.1,0.004383
mauritania,fine_mie,1238.8,0.004402
mauritania,fine_mie,1243.4,0.004402
mauritania,fine_mie,1248.1,0.004364
mauritania,fine_mie,1252.7,0.004364
mauritania,fine_mie,1257.4,0.004306
mauritania,fine_mie,1262.0,0.004306
mauritania,fine_mie,1266.6,0.00423
mauritania,fine_mie,1271.3,0.00423
mauritania,fine_mie,1275.9,0.00423
mauritania,fine_mie,1280.6,0.00423
mauritania,fine_mie,1285.2,0.00423
mauritania,fine_mie,1289.8,0.00423
mauritania,fine_mie,1294.5,0.004249
mauritania,fine_mie,1313.1,0.004555
mauritania,fine_mie,1317.7,0.004593
mauritania,fine_mie,1322.3,0.004574
mauritania,fine_mie,1327.0,0.004574
mauritania,fine_mie,1331.6,0.004574
mauritania,fine_mie,1336.3,0.004574
mauritania,fine_mie,1340.9,0.004593
mauritania,fine_mie,1345.6,0.004632
mauritania,fine_mie,1359.5,0.005033
mauritania,fine_mie,1364.1,0.005072
mauritania,fine_mie,1368.8,0.005072
mauritania,fine_mie,1373.4,0.005033
mauritania,fine_mie,1378.0,0.005033
mauritania,fine_mie,1382.7,0.005033
mauritania,fine_mie,1387.3,0.005033
mauritania,fine_mie,1392.0,0.005072
mauritania,fine_mie,1396.6,0.005053
mauritania,fine_mie,1401.3,0.005091
mauritania,fine_mie,1405.9,0.005091
mauritania,fine_mie,1410.5,0.005091
mauritania,fine_mie,1415.2,0.005129
mauritania,fine_mie,1419.8,0.005129
mauritania,fine_mie,1424.5,0.005091
mauritania,fine_mie,1429.1,0.005091
mauritania,fine_mie,1433.8,0.005091
mauritania,fine_mie,1438.4,0.00511
mauritania,fine_mie,1443.0,0.005091
mauritania,fine_mie,1447.7,0.005072
mauritania,fine_mie,1452.3,0.005072
mauritania,fine_mie,1457.0,0.005053
mauritania,fine_mie,1461.6,0.005014
mauritania,fine_mie,1466.2,0.005033
mauritania,fine_mie,1470.9,0.005014
mauritania,fine_mie,1475.5,0.005014
mauritania,fine_mie,1480.2,0.005014
mauritania,fine_mie,1484.8,0.005014
mauritania,fine_mie,1489.5,0.005033
mauritania,fine_mie,1494.1,0.005033
mauritania,fine_mie,1498.7,0.005033
mauritania,fine_mie,1503.4,0.005397
mauritania,fine_mie,1508.0,0.005397
mauritania,fine_mie,1512.7,0.005435
mauritania,fine_mie,1517.3,0.005474
mauritania,fine_mie,1522.0,0.005455
mauritania,fine_mie,1526.6,0.005493
mauritania,fine_mie,1531.2,0.005493
mauritania,fine_mie,1535.9,0.005512
mauritania,fine_mie,1540.5,0.005703
mauritania,fine_mie,1545.2,0.00578
mauritania,fine_mie,1549.8,0.005799
mauritania,fine_mie,1554.4,0.005799
mauritania,fine_mie,1559.1,0.005837
mauritania,fine_mie,1563.7,0.005895
mauritania,fine_mie,1568.4,0.005895
mauritania,fine_mie,1573.0,0.005895
mauritania,fine_mie,1577.7,0.005895
mauritania,fine_mie,1582.3,0.005914
mauritania,fine_mie,1586.9,0.005971
mauritania,fine_mie,1591.6,0.00601
mauritania,fine_mie,1596.2,0.006048
mauritania,fine_mie,1600.9,0.006048
mauritania,fine_mie,1605.5,0.006048
mauritania,fine_mie,1610.2,0.006048
mauritania,fine_mie,1614.8,0.006086
mauritania,fine_mie,1619.4,0.006144
mauritania,fine_mie,1624.1,0.006124
mauritania,fine_mie,1628.7,0.006124
mauritania,fine_mie,1633.4,0.006124
mauritania,fine_mie,1638.0,0.006163
mauritania,fine_mie,1642.6,0.006201
mauritania,fine_mie,1647.3,0.00622
mauritania,fine_mie,1661.2,0.006392
mauritania,fine_mie,1665.9,0.006392
mauritania,fine_mie,1670.5,0.006392
mauritania,fine_mie,1675.1,0.006373
mauritania,fine_mie,1679.8,0.006354
mauritania,fine_mie,1684.4,0.006354
mauritania,fine_mie,1689.1,0.006373
mauritania,fine_mie,1693.7,0.006373
mauritania,fine_mie,1698.4,0.006373
mauritania,fine_mie,1707.6,0.006411
mauritania,fine_mie,1712.3,0.006469
mauritania,fine_mie,1716.9,0.006488
mauritania,fine_mie,1721.6,0.006469
mauritania,fine_mie,1726.2,0.006488
mauritania,fine_mie,1730.9,0.006545
mauritania,fine_mie,1735.5,0.006584
mauritania,fine_mie,1740.1,0.006641
mauritania,fine_mie,1744.8,0.006641
mauritania,fine_mie,1749.4,0.006737
mauritania,fine_mie,1754.1,0.006737
mauritania,fine_mie,1758.7,0.006756
mauritania,fine_mie,1763.3,0.006794
mauritania,fine_mie,1768.0,0.006794
mauritania,fine_mie,1772.6,0.006871
mauritania,fine_mie,1777.3,0.006871
mauritania,fine_mie,1781.9,0.006871
mauritania,fine_mie,1786.6,0.00689
mauritania,fine_mie,1791.2,0.007005
mauritania,fine_mie,1795.8,0.007005
mauritania,fine_mie,1800.5,0.007005
mauritania,fine_mie,1805.1,0.007005
mauritania,fine_mie,1809.8,0.007005
mauritania,fine_mie,1814.4,0.007043
mauritania,fine_mie,1819.1,0.007062
mauritania,fine_mie,1823.7,0.007062
mauritania,fine_mie,1828.3,0.007062
mauritania,fine_mie,1833.0,0.007062
mauritania,fine_mie,1837.6,0.007081
mauritania,fine_mie,1842.3,0.007081
mauritania,fine_mie,1846.9,0.007081
mauritania,fine_mie,1851.5,0.0071
mauritania,fine_mie,1856.2,0.007081
mauritania,fine_mie,1860.8,0.007081
mauritania,fine_mie,1865.5,0.007062
mauritania,fine_mie,1870.1,0.007005
mauritania,fine_mie,1874.8,0.007005
mauritania,fine_mie,1879.4,0.007005
mauritania,fine_mie,1884.0,0.007005
mauritania,fine_mie,1888.7,0.007024
mauritania,fine_mie,1893.3,0.007062
mauritania,fine_mie,1898.0,0.007081
mauritania,fine_mie,1907.3,0.007215
mauritania,fine_mie,1911.9,0.007215
mauritania,fine_mie,1916.5,0.007273
mauritania,fine_mie,1921.2,0.007234
mauritania,fine_mie,1925.8,0.007234
mauritania,fine_mie,1930.5,0.007234
mauritania,fine_mie,1935.1,0.007234
mauritania,fine_mie,1939.7,0.007292
mauritania,fine_mie,1944.4,0.007349
mauritania,fine_mie,1949.0,0.007368
mauritania,fine_mie,1953.7,0.007368
mauritania,fine_mie,1958.3,0.007368
mauritania,fine_mie,1963.0,0.007388
mauritania,fine_mie,1967.6,0.007368
mauritania,fine_mie,1972.2,0.007368
mauritania,fine_mie,1976.9,0.007368
mauritania,fine_mie,1981.5,0.007368
mauritania,fine_mie,1986.2,0.007368
mauritania,fine_mie,1990.8,0.007407
mauritania,fine_mie,1995.5,0.007388
mauritania,fine_mie,2000.1,0.007407
mauritania,fine_mie,2004.7,0.007407
mauritania,fine_mie,2009.4,0.007388
mauritania,fine_mie,2014.0,0.007349
mauritania,fine_mie,2018.7,0.007349
mauritania,fine_mie,2023.3,0.007273
mauritania,fine_mie,2027.9,0.007273
mauritania,fine_mie,2032.6,0.007273
mauritania,fine_mie,2037.2,0.007292
mauritania,fine_mie,2041.9,0.007292
mauritania,fine_mie,2046.5,0.007292
mauritania,fine_mie,2051.2,0.007273
mauritania,fine_mie,2055.8,0.007273
mauritania,fine_mie,2060.4,0.007273
mauritania,fine_mie,2065.1,0.007254
mauritania,fine_mie,2069.7,0.007215
mauritania,fine_mie,2074.4,0.007196
mauritania,fine_mie,2079.0,0.007196
mauritania,fine_mie,2083.7,0.007196
mauritania,fine_mie,2088.3,0.007196
mauritania,fine_mie,2092.9,0.007177
mauritania,fine_mie,2097.6,0.007196
mauritania,fine_mie,2102.2,0.007196
mauritania,fine_mie,2106.9,0.007196
mauritania,fine_mie,2111.5,0.007464
mauritania,fine_mie,2116.2,0.007656
mauritania,fine_mie,2120.8,0.007732
mauritania,fine_mie,2125.4,0.007732
mauritania,fine_mie,2130.1,0.007732
mauritania,fine_mie,2134.7,0.007732
mauritania,fine_mie,2139.4,0.00777
mauritania,fine_mie,2144.0,0.00777
mauritania,fine_mie,2157.9,0.008096
mauritania,fine_mie,2162.6,0.008096
mauritania,fine_mie,2167.2,0.008077
mauritania,fine_mie,2171.9,0.008057
mauritania,fine_mie,2176.5,0.008057
mauritania,fine_mie,2181.1,0.008057
mauritania,fine_mie,2185.8,0.008057
mauritania,fine_mie,2190.4,0.008115
mauritania,fine_mie,2195.1,0.008134
mauritania,fine_mie,2199.7,0.008134
mauritania,fine_mie,2204.4,0.008172
mauritania,fine_mie,2209.0,0.00823
mauritania,fine_mie,2213.6,0.008459
mauritania,fine_mie,2218.3,0.008498
mauritania,fine_mie,2222.9,0.008536
mauritania,fine_mie,2227.6,0.008574
mauritania,fine_mie,2232.2,0.008593
mauritania,fine_mie,2236.8,0.008804
mauritania,fine_mie,2241.5,0.008804
mauritania,fine_mie,2246.1,0.008995
mauritania,fine_mie,2250.8,0.00911
mauritania,fine_mie,2255.4,0.009091
mauritania,fine_mie,2260.1,0.009148
mauritania,fine_mie,2264.7,0.009416
mauritania,fine_mie,2269.3,0.009742
mauritania,fine_mie,2274.0,0.00978
mauritania,fine_mie,2278.6,0.00978
mauritania,fine_mie,2283.3,0.00978
mauritania,fine_mie,2287.9,0.009914
mauritania,fine_mie,2292.6,0.010144
mauritania,fine_mie,2297.2,0.010239
mauritania,fine_mie,2301.8,0.010201
mauritania,fine_mie,2306.5,0.010201
mauritania,fine_mie,2311.1,0.010163
mauritania,fine_mie,2315.8,0.010182
mauritania,fine_mie,2320.4,0.010124
mauritania,fine_mie,2325.0,0.010105
mauritania,fine_mie,2329.7,0.010105
mauritania,fine_mie,2334.3,0.01001
mauritania,fine_mie,2339.0,0.009971
mauritania,fine_mie,2343.6,0.009665
mauritania,fine_mie,2348.3,0.009608
mauritania,fine_mie,2352.9,0.009569
mauritania,fine_mie,2357.5,0.00955
mauritania,fine_mie,2362.2,0.00955
mauritania,fine_mie,2366.8,0.009531
mauritania,fine_mie,2371.5,0.009493
mauritania,fine_mie,2376.1,0.009493
mauritania,fine_mie,2380.8,0.009569
mauritania,fine_mie,2385.4,0.009608
mauritania,fine_mie,2390.0,0.009722
mauritania,fine_mie,2394.7,0.00978
mauritania,fine_mie,2399.3,0.00978
mauritania,fine_mie,2404.0,0.009818
mauritania,fine_mie,2408.6,0.009818
mauritania,fine_mie,2413.2,0.009818
mauritania,fine_mie,2417.9,0.009837
mauritania,fine_mie,2422.5,0.009818
mauritania,fine_mie,2427.2,0.009818
mauritania,fine_mie,2431.8,0.009818
mauritania,fine_mie,2436.5,0.009933
mauritania,fine_mie,2441.1,0.009952
mauritania,fine_mie,2445.7,0.011751
mauritania,fine_mie,2450.4,0.011809
mauritania,fine_mie,2455.0,0.011809
mauritania,fine_mie,2459.7,0.011732
mauritania,fine_mie,2464.3,0.010909
mauritania,fine_mie,2469.0,0.010852
mauritania,fine_mie,2473.6,0.010794
mauritania,fine_mie,2478.2,0.010794
mauritania,fine_mie,2482.9,0.010794
mauritania,fine_mie,2487.5,0.010794
mauritania,fine_mie,2492.2,0.010794
mauritania,fine_tmatrix,259.3,0.008
mauritania,fine_tmatrix,263.9,0.008
mauritania,fine_tmatrix,268.6,0.008
mauritania,fine_tmatrix,273.2,0.008
mauritania,fine_tmatrix,277.9,0.008
mauritania,fine_tmatrix,282.5,0.008
mauritania,fine_tmatrix,342.8,0.007541
mauritania,fine_tmatrix,347.5,0.007541
mauritania,fine_tmatrix,352.1,0.007541
mauritania,fine_tmatrix,356.8,0.007541
mauritania,fine_tmatrix,361.4,0.00733
mauritania,fine_tmatrix,366.1,0.007177
mauritania,fine_tmatrix,370.7,0.007158
mauritania,fine_tmatrix,375.3,0.007158
mauritania,fine_tmatrix,380.0,0.007158
mauritania,fine_tmatrix,384.6,0.007158
mauritania,fine_tmatrix,389.3,0.00712
mauritania,fine_tmatrix,393.9,0.00622
mauritania,fine_tmatrix,398.5,0.005589
mauritania,fine_tmatrix,403.2,0.005589
mauritania,fine_tmatrix,407.8,0.005589
mauritania,fine_tmatrix,412.5,0.005569
mauritania,fine_tmatrix,417.1,0.005072
mauritania,fine_tmatrix,421.8,0.004574
mauritania,fine_tmatrix,426.4,0.004574
mauritania,fine_tmatrix,431.0,0.004555
mauritania,fine_tmatrix,435.7,0.004555
mauritania,fine_tmatrix,440.3,0.004478
mauritania,fine_tmatrix,445.0,0.00444
mauritania,fine_tmatrix,449.6,0.003789
mauritania,fine_tmatrix,454.3,0.003789
mauritania,fine_tmatrix,458.9,0.003789
mauritania,fine_tmatrix,463.5,0.00377
mauritania,fine_tmatrix,468.2,0.003388
mauritania,fine_tmatrix,472.8,0.003349
mauritania,fine_tmatrix,477.5,0.003349
mauritania,fine_tmatrix,482.1,0.003349
mauritania,fine_tmatrix,486.8,0.003349
mauritania,fine_tmatrix,491.4,0.0031
mauritania,fine_tmatrix,496.0,0.002813
mauritania,fine_tmatrix,500.7,0.002813
mauritania,fine_tmatrix,505.3,0.002813
mauritania,fine_tmatrix,510.0,0.002813
mauritania,fine_tmatrix,514.6,0.002718
mauritania,fine_tmatrix,519.2,0.002718
mauritania,fine_tmatrix,528.5,0.002526
mauritania,fine_tmatrix,533.2,0.002526
mauritania,fine_tmatrix,537.8,0.002431
mauritania,fine_tmatrix,542.5,0.002392
mauritania,fine_tmatrix,547.1,0.002354
mauritania,fine_tmatrix,551.7,0.002354
mauritania,fine_tmatrix,556.4,0.002354
mauritania,fine_tmatrix,561.0,0.002354
mauritania,fine_tmatrix,565.7,0.002354
mauritania,fine_tmatrix,570.3,0.002354
mauritania,fine_tmatrix,575.0,0.002354
mauritania,fine_tmatrix,579.6,0.002354
mauritania,fine_tmatrix,584.2,0.002354
mauritania,fine_tmatrix,588.9,0.002354
mauritania,fine_tmatrix,593.5,0.002354
mauritania,fine_tmatrix,598.2,0.002335
mauritania,fine_tmatrix,602.8,0.002335
mauritania,fine_tmatrix,607.4,0.002335
mauritania,fine_tmatrix,612.1,0.002335
mauritania,fine_tmatrix,616.7,0.002316
mauritania,fine_tmatrix,621.4,0.002316
mauritania,fine_tmatrix,626.0,0.002335
mauritania,fine_tmatrix,630.7,0.002335
mauritania,fine_tmatrix,635.3,0.002335
mauritania,fine_tmatrix,639.9,0.002335
mauritania,fine_tmatrix,644.6,0.002335
mauritania,fine_tmatrix,649.2,0.002354
mauritania,fine_tmatrix,653.9,0.002354
mauritania,fine_tmatrix,658.5,0.002354
mauritania,fine_tmatrix,663.2,0.002354
mauritania,fine_tmatrix,667.8,0.002354
mauritania,fine_tmatrix,672.4,0.002354
mauritania,fine_tmatrix,677.1,0.002354
mauritania,fine_tmatrix,681.7,0.002354
mauritania,fine_tmatrix,686.4,0.002354
mauritania,fine_tmatrix,691.0,0.00245
mauritania,fine_tmatrix,695.6,0.002545
mauritania,fine_tmatrix,700.3,0.002565
mauritania,fine_tmatrix,704.9,0.002584
mauritania,fine_tmatrix,709.6,0.002584
mauritania,fine_tmatrix,714.2,0.002584
mauritania,fine_tmatrix,718.9,0.002584
mauritania,fine_tmatrix,723.5,0.002565
mauritania,fine_tmatrix,728.1,0.002565
mauritania,fine_tmatrix,732.8,0.002565
mauritania,fine_tmatrix,737.4,0.002565
mauritania,fine_tmatrix,742.1,0.002545
mauritania,fine_tmatrix,746.7,0.002545
mauritania,fine_tmatrix,751.4,0.002545
mauritania,fine_tmatrix,756.0,0.002545
mauritania,fine_tmatrix,760.6,0.002565
mauritania,fine_tmatrix,765.3,0.002545
mauritania,fine_tmatrix,769.9,0.002565
mauritania,fine_tmatrix,774.6,0.002565
mauritania,fine_tmatrix,779.2,0.002565
mauritania,fine_tmatrix,783.8,0.002565
mauritania,fine_tmatrix,788.5,0.002584
mauritania,fine_tmatrix,793.1,0.002584
mauritania,fine_tmatrix,797.8,0.002584
mauritania,fine_tmatrix,802.4,0.002584
mauritania,fine_tmatrix,807.1,0.002584
mauritania,fine_tmatrix,811.7,0.002584
mauritania,fine_tmatrix,816.3,0.002584
mauritania,fine_tmatrix,821.0,0.002584
mauritania,fine_tmatrix,825.6,0.002584
mauritania,fine_tmatrix,830.3,0.002584
mauritania,fine_tmatrix,834.9,0.002584
mauritania,fine_tmatrix,839.6,0.002718
mauritania,fine_tmatrix,844.2,0.002756
mauritania,fine_tmatrix,848.8,0.002775
mauritania,fine_tmatrix,853.5,0.002775
mauritania,fine_tmatrix,858.1,0.002775
mauritania,fine_tmatrix,862.8,0.002775
mauritania,fine_tmatrix,867.4,0.002775
mauritania,fine_tmatrix,890.6,0.002737
mauritania,fine_tmatrix,895.3,0.002718
mauritania,fine_tmatrix,899.9,0.002718
mauritania,fine_tmatrix,904.5,0.002718
mauritania,fine_tmatrix,909.2,0.002718
mauritania,fine_tmatrix,913.8,0.002718
mauritania,fine_tmatrix,918.5,0.002335
mauritania,fine_tmatrix,941.7,0.002928
mauritania,fine_tmatrix,946.3,0.002928
mauritania,fine_tmatrix,951.0,0.002928
mauritania,fine_tmatrix,955.6,0.002928
mauritania,fine_tmatrix,960.3,0.002928
mauritania,fine_tmatrix,964.9,0.002928
mauritania,fine_tmatrix,969.5,0.002909
mauritania,fine_tmatrix,992.7,0.002947
mauritania,fine_tmatrix,997.4,0.002947
mauritania,fine_tmatrix,1002.0,0.002947
mauritania,fine_tmatrix,1006.7,0.002947
mauritania,fine_tmatrix,1011.3,0.002947
mauritania,fine_tmatrix,1016.0,0.002947
mauritania,fine_tmatrix,1039.2,0.003139
mauritania,fine_tmatrix,1043.8,0.003139
mauritania,fine_tmatrix,1048.5,0.003139
mauritania,fine_tmatrix,1053.1,0.003139
mauritania,fine_tmatrix,1057.7,0.003139
mauritania,fine_tmatrix,1062.4,0.003139
mauritania,fine_tmatrix,1067.0,0.003139
mauritania,fine_tmatrix,1141.3,0.003388
mauritania,fine_tmatrix,1145.9,0.003368
mauritania,fine_tmatrix,1150.6,0.003368
mauritania,fine_tmatrix,1155.2,0.003368
mauritania,fine_tmatrix,1159.9,0.003368
mauritania,fine_tmatrix,1164.5,0.003368
mauritania,fine_tmatrix,1169.1,0.00333
mauritania,fine_tmatrix,1192.4,0.003368
mauritania,fine_tmatrix,1197.0,0.003368
mauritania,fine_tmatrix,1201.6,0.003368
mauritania,fine_tmatrix,1206.3,0.003368
mauritania,fine_tmatrix,1210.9,0.003368
mauritania,fine_tmatrix,1215.6,0.003368
mauritania,fine_tmatrix,1220.2,0.00333
mauritania,fine_tmatrix,1238.8,0.00356
mauritania,fine_tmatrix,1243.4,0.003541
mauritania,fine_tmatrix,1248.1,0.003541
mauritania,fine_tmatrix,1252.7,0.003541
mauritania,fine_tmatrix,1257.4,0.003541
mauritania,fine_tmatrix,1262.0,0.003541
mauritania,fine_tmatrix,1266.6,0.003541
mauritania,fine_tmatrix,1340.9,0.003981
mauritania,fine_tmatrix,1345.6,0.003981
mauritania,fine_tmatrix,1350.2,0.003981
mauritania,fine_tmatrix,1354.8,0.003981
mauritania,fine_tmatrix,1359.5,0.003981
mauritania,fine_tmatrix,1364.1,0.003981
mauritania,fine_tmatrix,1368.8,0.003981
mauritania,fine_tmatrix,1392.0,0.004134
mauritania,fine_tmatrix,1396.6,0.004134
mauritania,fine_tmatrix,1401.3,0.004134
mauritania,fine_tmatrix,1405.9,0.004134
mauritania,fine_tmatrix,1410.5,0.004134
mauritania,fine_tmatrix,1415.2,0.004134
mauritania,fine_tmatrix,1438.4,0.004172
mauritania,fine_tmatrix,1443.0,0.004172
mauritania,fine_tmatrix,1447.7,0.004172
mauritania,fine_tmatrix,1452.3,0.004172
mauritania,fine_tmatrix,1457.0,0.004172
mauritania,fine_tmatrix,1461.6,0.004172
mauritania,fine_tmatrix,1466.2,0.004172
mauritania,fine_tmatrix,1494.1,0.004325
mauritania,fine_tmatrix,1498.7,0.004325
mauritania,fine_tmatrix,1503.4,0.004325
mauritania,fine_tmatrix,1508.0,0.004325
mauritania,fine_tmatrix,1512.7,0.004325
mauritania,fine_tmatrix,1540.5,0.004555
mauritania,fine_tmatrix,1545.2,0.004555
mauritania,fine_tmatrix,1549.8,0.004555
mauritania,fine_tmatrix,1554.4,0.004555
mauritania,fine_tmatrix,1559.1,0.004555
mauritania,fine_tmatrix,1563.7,0.004555
mauritania,fine_tmatrix,1568.4,0.004536
mauritania,fine_tmatrix,1642.6,0.005359
mauritania,fine_tmatrix,1647.3,0.005359
mauritania,fine_tmatrix,1651.9,0.005359
mauritania,fine_tmatrix,1656.6,0.005359
mauritania,fine_tmatrix,1661.2,0.005359
mauritania,fine_tmatrix,1665.9,0.005359
mauritania,fine_tmatrix,1693.7,0.005589
mauritania,fine_tmatrix,1698.4,0.005589
mauritania,fine_tmatrix,1703.0,0.005589
mauritania,fine_tmatrix,1707.6,0.005589
mauritania,fine_tmatrix,1712.3,0.005589
mauritania,fine_tmatrix,1716.9,0.005589
mauritania,fine_tmatrix,1740.1,0.005359
mauritania,fine_tmatrix,1744.8,0.005359
mauritania,fine_tmatrix,1749.4,0.005359
mauritania,fine_tmatrix,1754.1,0.005359
mauritania,fine_tmatrix,1758.7,0.005359
mauritania,fine_tmatrix,1763.3,0.005359
mauritania,fine_tmatrix,1768.0,0.00534
mauritania,fine_tmatrix,1791.2,0.005569
mauritania,fine_tmatrix,1795.8,0.005569
mauritania,fine_tmatrix,1800.5,0.005569
mauritania,fine_tmatrix,1805.1,0.005569
mauritania,fine_tmatrix,1809.8,0.005569
mauritania,fine_tmatrix,1814.4,0.005569
mauritania,fine_tmatrix,1819.1,0.00555
mauritania,fine_tmatrix,1842.3,0.00578
mauritania,fine_tmatrix,1846.9,0.00578
mauritania,fine_tmatrix,1851.5,0.00578
mauritania,fine_tmatrix,1856.2,0.00578
mauritania,fine_tmatrix,1860.8,0.00578
mauritania,fine_tmatrix,1865.5,0.00578
mauritania,fine_tmatrix,1893.3,0.005933
mauritania,fine_tmatrix,1898.0,0.005933
mauritania,fine_tmatrix,1902.6,0.005933
mauritania,fine_tmatrix,1907.3,0.005933
mauritania,fine_tmatrix,1911.9,0.005933
mauritania,fine_tmatrix,1916.5,0.005933
mauritania,fine_tmatrix,1944.4,0.005952
mauritania,fine_tmatrix,1949.0,0.005952
mauritania,fine_tmatrix,1953.7,0.005952
mauritania,fine_tmatrix,1958.3,0.005952
mauritania,fine_tmatrix,1963.0,0.005952
mauritania,fine_tmatrix,1967.6,0.005952
mauritania,fine_tmatrix,1990.8,0.005971
mauritania,fine_tmatrix,1995.5,0.005971
mauritania,fine_tmatrix,2000.1,0.005971
mauritania,fine_tmatrix,2004.7,0.005971
mauritania,fine_tmatrix,2009.4,0.005971
mauritania,fine_tmatrix,2014.0,0.005971
mauritania,fine_tmatrix,2018.7,0.005952
mauritania,fine_tmatrix,2190.4,0.006545
mauritania,fine_tmatrix,2195.1,0.006565
mauritania,fine_tmatrix,2199.7,0.006565
mauritania,fine_tmatrix,2204.4,0.006565
mauritania,fine_tmatrix,2209.0,0.006565
mauritania,fine_tmatrix,2213.6,0.006565
mauritania,fine_tmatrix,2218.3,0.006545
mauritania,fine_tmatrix,2241.5,0.007177
mauritania,fine_tmatrix,2246.1,0.007177
mauritania,fine_tmatrix,2250.8,0.007177
mauritania,fine_tmatrix,2255.4,0.007177
mauritania,fine_tmatrix,2260.1,0.007177
mauritania,fine_tmatrix,2264.7,0.007177
mauritania,fine_tmatrix,2292.6,0.007981
mauritania,fine_tmatrix,2297.2,0.007981
mauritania,fine_tmatrix,2301.8,0.007981
mauritania,fine_tmatrix,2306.5,0.007981
mauritania,fine_tmatrix,2311.1,0.007981
mauritania,fine_tmatrix,2315.8,0.007981
mauritania,fine_tmatrix,2343.6,0.00756
mauritania,fine_tmatrix,2348.3,0.00756
mauritania,fine_tmatrix,2352.9,0.00756
mauritania,fine_tmatrix,2357.5,0.00756
mauritania,fine_tmatrix,2362.2,0.00756
mauritania,fine_tmatrix,2366.8,0.00756
mauritania,fine_tmatrix,2390.0,0.007732
mauritania,fine_tmatrix,2394.7,0.007732
mauritania,fine_tmatrix,2399.3,0.007732
mauritania,fine_tmatrix,2404.0,0.007732
mauritania,fine_tmatrix,2408.6,0.007732
mauritania,fine_tmatrix,2413.2,0.007732
mauritania,fine_tmatrix,2417.9,0.007732
mauritania,fine_tmatrix,2436.5,0.00934
mauritania,fine_tmatrix,2441.1,0.00934
mauritania,fine_tmatrix,2445.7,0.00934
mauritania,fine_tmatrix,2450.4,0.00934
mauritania,fine_tmatrix,2455.0,0.00934
mauritania,fine_tmatrix,2459.7,0.00934
mauritania,fine_tmatrix,2464.3,0.00934
mauritania,fine_tmatrix,2617.5,0.008
mauritania,fine_tmatrix,2622.1,0.008
mauritania,fine_tmatrix,2626.8,0.008
mauritania,fine_tmatrix,2631.4,0.008
mauritania,fine_tmatrix,2636.1,0.008
mauritania,fine_tmatrix,2640.7,0.008
mauritania,mixed_mie,338.2,0.004708
mauritania,mixed_mie,342.8,0.004708
mauritania,mixed_mie,347.5,0.004708
mauritania,mixed_mie,352.1,0.004708
mauritania,mixed_mie,356.8,0.004708
mauritania,mixed_mie,361.4,0.004708
mauritania,mixed_mie,366.1,0.004689
mauritania,mixed_mie,370.7,0.004689
mauritania,mixed_mie,375.3,0.004689
mauritania,mixed_mie,380.0,0.004689
mauritania,mixed_mie,384.6,0.004689
mauritania,mixed_mie,389.3,0.004
mauritania,mixed_mie,393.9,0.003885
mauritania,mixed_mie,398.5,0.003885
mauritania,mixed_mie,403.2,0.003885
mauritania,mixed_mie,407.8,0.003885
mauritania,mixed_mie,412.5,0.00356
mauritania,mixed_mie,417.1,0.00333
mauritania,mixed_mie,421.8,0.003196
mauritania,mixed_mie,426.4,0.003196
mauritania,mixed_mie,431.0,0.003196
mauritania,mixed_mie,435.7,0.003196
mauritania,mixed_mie,440.3,0.002775
mauritania,mixed_mie,445.0,0.002775
mauritania,mixed_mie,449.6,0.002679
mauritania,mixed_mie,454.3,0.002679
mauritania,mixed_mie,458.9,0.002679
mauritania,mixed_mie,463.5,0.002603
mauritania,mixed_mie,468.2,0.002584
mauritania,mixed_mie,472.8,0.002488
mauritania,mixed_mie,477.5,0.002488
mauritania,mixed_mie,482.1,0.002488
mauritania,mixed_mie,486.8,0.002488
mauritania,mixed_mie,491.4,0.002201
mauritania,mixed_mie,496.0,0.002105
mauritania,mixed_mie,500.7,0.002105
mauritania,mixed_mie,505.3,0.002067
mauritania,mixed_mie,510.0,0.002067
mauritania,mixed_mie,514.6,0.00201
mauritania,mixed_mie,519.2,0.001914
mauritania,mixed_mie,523.9,0.001914
mauritania,mixed_mie,528.5,0.001895
mauritania,mixed_mie,533.2,0.001895
mauritania,mixed_mie,537.8,0.001856
mauritania,mixed_mie,542.5,0.001837
mauritania,mixed_mie,547.1,0.001818
mauritania,mixed_mie,551.7,0.001799
mauritania,mixed_mie,556.4,0.001799
mauritania,mixed_mie,561.0,0.001799
mauritania,mixed_mie,565.7,0.00178
mauritania,mixed_mie,570.3,0.00178
mauritania,mixed_mie,575.0,0.00178
mauritania,mixed_mie,579.6,0.00178
mauritania,mixed_mie,584.2,0.00178
mauritania,mixed_mie,588.9,0.001818
mauritania,mixed_mie,593.5,0.001818
mauritania,mixed_mie,598.2,0.001895
mauritania,mixed_mie,602.8,0.001895
mauritania,mixed_mie,607.4,0.001895
mauritania,mixed_mie,612.1,0.001895
mauritania,mixed_mie,616.7,0.001876
mauritania,mixed_mie,621.4,0.001876
mauritania,mixed_mie,626.0,0.001876
mauritania,mixed_mie,630.7,0.001876
mauritania,mixed_mie,635.3,0.001837
mauritania,mixed_mie,639.9,0.001818
mauritania,mixed_mie,644.6,0.001818
mauritania,mixed_mie,649.2,0.001876
mauritania,mixed_mie,653.9,0.001876
mauritania,mixed_mie,658.5,0.001876
mauritania,mixed_mie,663.2,0.001799
mauritania,mixed_mie,667.8,0.001799
mauritania,mixed_mie,672.4,0.001914
mauritania,mixed_mie,677.1,0.001914
mauritania,mixed_mie,681.7,0.001971
mauritania,mixed_mie,686.4,0.001971
mauritania,mixed_mie,691.0,0.00199
mauritania,mixed_mie,695.6,0.00199
mauritania,mixed_mie,700.3,0.002124
mauritania,mixed_mie,704.9,0.002124
mauritania,mixed_mie,709.6,0.002124
mauritania,mixed_mie,714.2,0.002086
mauritania,mixed_mie,718.9,0.002086
mauritania,mixed_mie,723.5,0.002067
mauritania,mixed_mie,728.1,0.002067
mauritania,mixed_mie,732.8,0.002067
mauritania,mixed_mie,737.4,0.002086
mauritania,mixed_mie,742.1,0.002086
mauritania,mixed_mie,746.7,0.002105
mauritania,mixed_mie,751.4,0.002105
mauritania,mixed_mie,793.1,0.002067
mauritania,mixed_mie,807.1,0.00245
mauritania,mixed_mie,811.7,0.00245
mauritania,mixed_mie,816.3,0.00245
mauritania,mixed_mie,839.6,0.002488
mauritania,mixed_mie,844.2,0.002488
mauritania,mixed_mie,858.1,0.002565
mauritania,mixed_mie,862.8,0.002526
mauritania,mixed_mie,867.4,0.002526
mauritania,mixed_mie,872.1,0.002507
mauritania,mixed_mie,876.7,0.002507
mauritania,mixed_mie,881.3,0.002507
mauritania,mixed_mie,886.0,0.002507
mauritania,mixed_mie,890.6,0.002526
mauritania,mixed_mie,895.3,0.002526
mauritania,mixed_mie,899.9,0.002565
mauritania,mixed_mie,913.8,0.002909
mauritania,mixed_mie,918.5,0.002852
mauritania,mixed_mie,923.1,0.002852
mauritania,mixed_mie,927.8,0.002852
mauritania,mixed_mie,932.4,0.002852
mauritania,mixed_mie,937.0,0.002833
mauritania,mixed_mie,941.7,0.002813
mauritania,mixed_mie,946.3,0.002813
mauritania,mixed_mie,960.3,0.002871
mauritania,mixed_mie,964.9,0.0031
mauritania,mixed_mie,969.5,0.0031
mauritania,mixed_mie,974.2,0.003139
mauritania,mixed_mie,978.8,0.003139
mauritania,mixed_mie,983.5,0.003139
mauritania,mixed_mie,988.1,0.003139
mauritania,mixed_mie,992.7,0.003139
mauritania,mixed_mie,997.4,0.003177
mauritania,mixed_mie,1011.3,0.003215
mauritania,mixed_mie,1016.0,0.003196
mauritania,mixed_mie,1020.6,0.003196
mauritania,mixed_mie,1025.2,0.003196
mauritania,mixed_mie,1029.9,0.003196
mauritania,mixed_mie,1034.5,0.003196
mauritania,mixed_mie,1039.2,0.003215
mauritania,mixed_mie,1043.8,0.003177
mauritania,mixed_mie,1048.5,0.003062
mauritania,mixed_mie,1053.1,0.003062
mauritania,mixed_mie,1057.7,0.002986
mauritania,mixed_mie,1062.4,0.002967
mauritania,mixed_mie,1067.0,0.002967
mauritania,mixed_mie,1071.7,0.002967
mauritania,mixed_mie,1076.3,0.002986
mauritania,mixed_mie,1080.9,0.002986
mauritania,mixed_mie,1085.6,0.002986
mauritania,mixed_mie,1090.2,0.002986
mauritania,mixed_mie,1094.9,0.003024
mauritania,mixed_mie,1099.5,0.003043
mauritania,mixed_mie,1108.8,0.0031
mauritania,mixed_mie,1113.4,0.003388
mauritania,mixed_mie,1118.1,0.003388
mauritania,mixed_mie,1122.7,0.003426
mauritania,mixed_mie,1127.4,0.003426
mauritania,mixed_mie,1132.0,0.003426
mauritania,mixed_mie,1136.7,0.003388
mauritania,mixed_mie,1141.3,0.003292
mauritania,mixed_mie,1145.9,0.003273
mauritania,mixed_mie,1150.6,0.003254
mauritania,mixed_mie,1155.2,0.003254
mauritania,mixed_mie,1159.9,0.003541
mauritania,mixed_mie,1164.5,0.003541
mauritania,mixed_mie,1169.1,0.003541
mauritania,mixed_mie,1173.8,0.003579
mauritania,mixed_mie,1178.4,0.003579
mauritania,mixed_mie,1183.1,0.003579
mauritania,mixed_mie,1187.7,0.003579
mauritania,mixed_mie,1192.4,0.003598
mauritania,mixed_mie,1197.0,0.003636
mauritania,mixed_mie,1206.3,0.003694
mauritania,mixed_mie,1210.9,0.003694
mauritania,mixed_mie,1215.6,0.003732
mauritania,mixed_mie,1220.2,0.003732
mauritania,mixed_mie,1224.9,0.003732
mauritania,mixed_mie,1229.5,0.003732
mauritania,mixed_mie,1234.1,0.003732
mauritania,mixed_mie,1238.8,0.003694
mauritania,mixed_mie,1243.4,0.003732
mauritania,mixed_mie,1257.4,0.003388
mauritania,mixed_mie,1262.0,0.003388
mauritania,mixed_mie,1266.6,0.003407
mauritania,mixed_mie,1271.3,0.003483
mauritania,mixed_mie,1275.9,0.003483
mauritania,mixed_mie,1280.6,0.003483
mauritania,mixed_mie,1285.2,0.003483
mauritania,mixed_mie,1289.8,0.003445
mauritania,mixed_mie,1294.5,0.003445
mauritania,mixed_mie,1308.4,0.003426
mauritania,mixed_mie,1313.1,0.003483
mauritania,mixed_mie,1317.7,0.003502
mauritania,mixed_mie,1322.3,0.003522
mauritania,mixed_mie,1327.0,0.003522
mauritania,mixed_mie,1331.6,0.003522
mauritania,mixed_mie,1336.3,0.003522
mauritania,mixed_mie,1340.9,0.003502
mauritania,mixed_mie,1345.6,0.003426
mauritania,mixed_mie,1364.1,0.003636
mauritania,mixed_mie,1368.8,0.003904
mauritania,mixed_mie,1373.4,0.003943
mauritania,mixed_mie,1378.0,0.003943
mauritania,mixed_mie,1382.7,0.003943
mauritania,mixed_mie,1387.3,0.003943
mauritania,mixed_mie,1392.0,0.003923
mauritania,mixed_mie,1396.6,0.003904
mauritania,mixed_mie,1410.5,0.003809
mauritania,mixed_mie,1415.2,0.003809
mauritania,mixed_mie,1419.8,0.003809
mauritania,mixed_mie,1424.5,0.003828
mauritania,mixed_mie,1429.1,0.003828
mauritania,mixed_mie,1433.8,0.003828
mauritania,mixed_mie,1438.4,0.003828
mauritania,mixed_mie,1443.0,0.003828
mauritania,mixed_mie,1461.6,0.003828
mauritania,mixed_mie,1466.2,0.003809
mauritania,mixed_mie,1470.9,0.003809
mauritania,mixed_mie,1475.5,0.003809
mauritania,mixed_mie,1480.2,0.003809
mauritania,mixed_mie,1484.8,0.003809
mauritania,mixed_mie,1489.5,0.003789
mauritania,mixed_mie,1494.1,0.003789
mauritania,mixed_mie,1498.7,0.003809
mauritania,mixed_mie,1512.7,0.004077
mauritania,mixed_mie,1517.3,0.004096
mauritania,mixed_mie,1522.0,0.004115
mauritania,mixed_mie,1526.6,0.004115
mauritania,mixed_mie,1531.2,0.004115
mauritania,mixed_mie,1535.9,0.004115
mauritania,mixed_mie,1540.5,0.004115
mauritania,mixed_mie,1545.2,0.004134
mauritania,mixed_mie,1554.4,0.00423
mauritania,mixed_mie,1559.1,0.00423
mauritania,mixed_mie,1563.7,0.00423
mauritania,mixed_mie,1568.4,0.00423
mauritania,mixed_mie,1573.0,0.00423
mauritania,mixed_mie,1577.7,0.00423
mauritania,mixed_mie,1582.3,0.00423
mauritania,mixed_mie,1586.9,0.00423
mauritania,mixed_mie,1591.6,0.004211
mauritania,mixed_mie,1596.2,0.004287
mauritania,mixed_mie,1600.9,0.004287
mauritania,mixed_mie,1610.2,0.004498
mauritania,mixed_mie,1614.8,0.004536
mauritania,mixed_mie,1619.4,0.004536
mauritania,mixed_mie,1624.1,0.004555
mauritania,mixed_mie,1628.7,0.004555
mauritania,mixed_mie,1633.4,0.004555
mauritania,mixed_mie,1638.0,0.004593
mauritania,mixed_mie,1642.6,0.004612
mauritania,mixed_mie,1647.3,0.005244
mauritania,mixed_mie,1665.9,0.005378
mauritania,mixed_mie,1670.5,0.005435
mauritania,mixed_mie,1675.1,0.005435
mauritania,mixed_mie,1679.8,0.005435
mauritania,mixed_mie,1684.4,0.005435
mauritania,mixed_mie,1689.1,0.0049
mauritania,mixed_mie,1693.7,0.0049
mauritania,mixed_mie,1698.4,0.00444
mauritania,mixed_mie,1703.0,0.00444
mauritania,mixed_mie,1707.6,0.00444
mauritania,mixed_mie,1712.3,0.004919
mauritania,mixed_mie,1716.9,0.004919
mauritania,mixed_mie,1721.6,0.005014
mauritania,mixed_mie,1726.2,0.005014
mauritania,mixed_mie,1730.9,0.005014
mauritania,mixed_mie,1735.5,0.005014
mauritania,mixed_mie,1740.1,0.005014
mauritania,mixed_mie,1744.8,0.005014
mauritania,mixed_mie,1763.3,0.004689
mauritania,mixed_mie,1768.0,0.004689
mauritania,mixed_mie,1772.6,0.004689
mauritania,mixed_mie,1777.3,0.004689
mauritania,mixed_mie,1781.9,0.004689
mauritania,mixed_mie,1786.6,0.004727
mauritania,mixed_mie,1791.2,0.004727
mauritania,mixed_mie,1814.4,0.005148
mauritania,mixed_mie,1819.1,0.005129
mauritania,mixed_mie,1823.7,0.005091
mauritania,mixed_mie,1828.3,0.005091
mauritania,mixed_mie,1833.0,0.005091
mauritania,mixed_mie,1837.6,0.005072
mauritania,mixed_mie,1842.3,0.005072
mauritania,mixed_mie,1846.9,0.005091
